-- phpMyAdmin SQL Dump
-- version 4.8.3
-- https://www.phpmyadmin.net/
--
-- Servidor: 127.0.0.1
-- Tiempo de generación: 30-12-2018 a las 13:00:51
-- Versión del servidor: 10.1.35-MariaDB
-- Versión de PHP: 7.2.9

SET SQL_MODE = "NO_AUTO_VALUE_ON_ZERO";
SET AUTOCOMMIT = 0;
START TRANSACTION;
SET time_zone = "+00:00";


/*!40101 SET @OLD_CHARACTER_SET_CLIENT=@@CHARACTER_SET_CLIENT */;
/*!40101 SET @OLD_CHARACTER_SET_RESULTS=@@CHARACTER_SET_RESULTS */;
/*!40101 SET @OLD_COLLATION_CONNECTION=@@COLLATION_CONNECTION */;
/*!40101 SET NAMES utf8mb4 */;

--
-- Base de datos: `viajes_laravel`
--

-- --------------------------------------------------------

--
-- Estructura de tabla para la tabla `customers`
--

CREATE TABLE `customers` (
  `id` int(10) UNSIGNED NOT NULL,
  `nombre` varchar(100) COLLATE utf8mb4_unicode_ci NOT NULL,
  `direccion` varchar(255) COLLATE utf8mb4_unicode_ci NOT NULL,
  `ciudad` varchar(60) COLLATE utf8mb4_unicode_ci NOT NULL,
  `tarjeta_tipo` varchar(50) COLLATE utf8mb4_unicode_ci NOT NULL,
  `tarjeta_num` varchar(18) COLLATE utf8mb4_unicode_ci NOT NULL,
  `tarjeta_exp` varchar(6) COLLATE utf8mb4_unicode_ci NOT NULL,
  `tarjeta_ccv` char(3) COLLATE utf8mb4_unicode_ci NOT NULL,
  `created_at` timestamp NULL DEFAULT NULL,
  `updated_at` timestamp NULL DEFAULT NULL,
  `deleted_at` timestamp NULL DEFAULT NULL
) ENGINE=InnoDB DEFAULT CHARSET=utf8mb4 COLLATE=utf8mb4_unicode_ci;

--
-- Volcado de datos para la tabla `customers`
--

INSERT INTO `customers` (`id`, `nombre`, `direccion`, `ciudad`, `tarjeta_tipo`, `tarjeta_num`, `tarjeta_exp`, `tarjeta_ccv`, `created_at`, `updated_at`, `deleted_at`) VALUES
(1, 'Loma Runolfsdottir DDS', '136 Carey Streets Apt. 638', 'West Lesly', 'Visa', '375767804685379', '04/20', '492', '2018-12-29 18:04:37', '2018-12-29 18:04:37', NULL),
(2, 'William Feest', '535 Cordia Forest Apt. 319', 'South Jaydetown', 'American Express', '4716115629926174', '05/19', '276', '2018-12-29 18:04:37', '2018-12-29 18:04:37', NULL),
(3, 'Reba Turcotte', '24886 Reynolds Alley Suite 722', 'Lake Garett', 'MasterCard', '2691375481792006', '06/20', '234', '2018-12-29 18:04:37', '2018-12-29 18:04:37', NULL),
(4, 'Elias Blick', '97709 Coby Forks Apt. 689', 'New Jennieshire', 'MasterCard', '6011186325804988', '05/19', '441', '2018-12-29 18:04:37', '2018-12-29 18:04:37', NULL),
(5, 'Prof. Ramon Nolan', '705 Samara Coves Apt. 897', 'Corwinville', 'MasterCard', '5343403828458662', '04/20', '771', '2018-12-29 18:04:37', '2018-12-29 18:04:37', NULL),
(6, 'Prof. Haskell Collier', '56687 Maud Center', 'South Uniquefurt', 'Visa', '4356331907565866', '12/20', '552', '2018-12-29 18:04:38', '2018-12-29 18:04:38', NULL),
(7, 'Ward Ziemann DVM', '91704 Will Cape Suite 839', 'Wilkinsonland', 'MasterCard', '4485759996585078', '04/20', '330', '2018-12-29 18:04:38', '2018-12-29 18:04:38', NULL),
(8, 'Adella Aufderhar', '54566 Ariel Passage Apt. 562', 'Lake Humberto', 'MasterCard', '5244735525157034', '09/20', '026', '2018-12-29 18:04:38', '2018-12-29 18:04:38', NULL),
(9, 'Kayli Osinski', '54479 Orlo Run Apt. 536', 'Tressaport', 'MasterCard', '2620273311189152', '04/19', '849', '2018-12-29 18:04:38', '2018-12-29 18:04:38', NULL),
(10, 'Mylene Heller', '9712 Walter Ramp', 'Wizaville', 'Visa Retired', '6011831824863791', '05/19', '630', '2018-12-29 18:04:38', '2018-12-29 18:04:38', NULL),
(11, 'Ms. Alessia Hauck', '53677 Fred Cape Apt. 943', 'North Johnpaul', 'American Express', '5246610971893002', '07/19', '375', '2018-12-29 18:04:38', '2018-12-29 18:04:38', NULL),
(12, 'Mina Jaskolski', '48586 Daphne Union', 'Jadenside', 'Visa', '375214691398550', '05/20', '559', '2018-12-29 18:04:38', '2018-12-29 18:04:38', NULL),
(13, 'Jeffery Parker', '4913 Wehner Way Suite 452', 'Kundeshire', 'MasterCard', '6011944551392924', '06/20', '504', '2018-12-29 18:04:38', '2018-12-29 18:04:38', NULL),
(14, 'Donnell Satterfield', '15525 Ethan Ferry', 'South Lucas', 'MasterCard', '4716711155967', '02/20', '660', '2018-12-29 18:04:38', '2018-12-29 18:04:38', NULL),
(15, 'Rahsaan Blanda PhD', '31754 Orval Flats', 'Port Cedrickchester', 'Visa', '4556288983375529', '10/21', '984', '2018-12-29 18:04:38', '2018-12-29 18:04:38', NULL),
(16, 'Mrs. Lori White', '1020 Mann Road', 'East Jovanifurt', 'Visa', '4024007187025878', '07/20', '686', '2018-12-29 18:04:38', '2018-12-29 18:04:38', NULL),
(17, 'Mrs. Jammie Welch Sr.', '7076 Henri Shores Suite 448', 'New Earl', 'American Express', '4929972829027424', '03/20', '316', '2018-12-29 18:04:38', '2018-12-29 18:04:38', NULL),
(18, 'Ms. Susana Krajcik Sr.', '1455 Keagan Island Apt. 951', 'Lake Wilfred', 'Visa Retired', '4861272404523628', '08/19', '656', '2018-12-29 18:04:38', '2018-12-29 18:04:38', NULL),
(19, 'Prof. Miguel Ledner Jr.', '166 O\'Keefe Cove Suite 209', 'Cyrusside', 'MasterCard', '6011987649941343', '08/20', '925', '2018-12-29 18:04:38', '2018-12-29 18:04:38', NULL),
(20, 'Eduardo Mertz', '90447 Pagac Brooks', 'New Brandoton', 'American Express', '5452326203206512', '02/19', '848', '2018-12-29 18:04:38', '2018-12-29 18:04:38', NULL),
(21, 'Prof. Jose Shanahan MD', '57939 Evan Walks', 'Pagacview', 'Visa', '4716990597399459', '03/20', '553', '2018-12-29 18:04:38', '2018-12-29 18:04:38', NULL),
(22, 'Juana Lemke', '848 Goyette Pass Suite 764', 'Port Laneytown', 'American Express', '4485870437563424', '01/21', '609', '2018-12-29 18:04:38', '2018-12-29 18:04:38', NULL),
(23, 'Major Stokes', '682 Johnnie Views Suite 278', 'South Elna', 'MasterCard', '4024007178736434', '10/21', '673', '2018-12-29 18:04:38', '2018-12-29 18:04:38', NULL),
(24, 'Miss Helene Tremblay V', '58329 Junius Court', 'West Kevon', 'MasterCard', '4348419373075667', '10/21', '758', '2018-12-29 18:04:38', '2018-12-29 18:04:38', NULL),
(25, 'Dr. Jeanette Brown', '1074 Boyle Forge Suite 563', 'Port Webster', 'MasterCard', '2669872344228226', '08/20', '262', '2018-12-29 18:04:38', '2018-12-29 18:04:38', NULL),
(26, 'Zoe Tillman', '809 Lola Mall Suite 957', 'Morarmouth', 'Visa', '4556658211738286', '12/21', '834', '2018-12-29 18:04:38', '2018-12-29 18:04:38', NULL),
(27, 'Jeramie Hamill', '166 Meaghan Via Suite 344', 'New Neoma', 'Visa', '377420327544479', '07/20', '196', '2018-12-29 18:04:38', '2018-12-29 18:04:38', NULL),
(28, 'Joesph King', '257 Darren Island Suite 676', 'Yasmeenville', 'Visa', '2720059930967675', '05/20', '043', '2018-12-29 18:04:38', '2018-12-29 18:04:38', NULL),
(29, 'Miss Maximillia Davis', '6914 Alfredo Islands Apt. 262', 'Estevanburgh', 'MasterCard', '4532088707797936', '04/21', '792', '2018-12-29 18:04:38', '2018-12-29 18:04:38', NULL),
(30, 'Bradley Friesen', '12191 Wiza Park Apt. 361', 'Ezequielberg', 'MasterCard', '4929647584022766', '09/21', '264', '2018-12-29 18:04:38', '2018-12-29 18:04:38', NULL),
(31, 'Deron Schmidt', '96603 Halvorson Skyway Suite 956', 'East Isidromouth', 'Visa Retired', '5454952869141533', '08/20', '796', '2018-12-29 18:04:38', '2018-12-29 18:04:38', NULL),
(32, 'Nikolas Brown', '2646 Moore Gateway Apt. 754', 'Schmelerborough', 'Discover Card', '4556135202606947', '09/21', '974', '2018-12-29 18:04:38', '2018-12-29 18:04:38', NULL),
(33, 'Dr. Karen Hermiston', '2004 Roob Cliff Suite 943', 'Nienowborough', 'MasterCard', '6011455324376532', '09/19', '072', '2018-12-29 18:04:38', '2018-12-29 18:04:38', NULL),
(34, 'Justen Hayes', '2311 Leannon Parkway Apt. 240', 'North Jacynthefurt', 'Visa', '5477192439794346', '09/19', '398', '2018-12-29 18:04:38', '2018-12-29 18:04:38', NULL),
(35, 'Miss Joanne Mertz', '397 Thad Passage', 'South Frankie', 'MasterCard', '4532081417783817', '02/19', '496', '2018-12-29 18:04:38', '2018-12-29 18:04:38', NULL),
(36, 'Delmer Abbott', '388 Swift Islands', 'West Candice', 'Discover Card', '4532483442486376', '06/20', '625', '2018-12-29 18:04:38', '2018-12-29 18:04:38', NULL),
(37, 'Maeve Rippin', '5149 Kshlerin Park', 'Daphneside', 'Visa', '4013499973567606', '08/19', '792', '2018-12-29 18:04:38', '2018-12-29 18:04:38', NULL),
(38, 'Scotty O\'Connell Sr.', '54150 Goyette Pike Suite 048', 'Gislasonbury', 'MasterCard', '4532042759769', '08/20', '836', '2018-12-29 18:04:38', '2018-12-29 18:04:38', NULL),
(39, 'Jerald Nolan', '136 Fay Loop Suite 462', 'Port Rubyeborough', 'MasterCard', '5361535631626659', '03/21', '680', '2018-12-29 18:04:38', '2018-12-29 18:04:38', NULL),
(40, 'Tia Russel', '9012 Destany Creek', 'Ardenstad', 'Visa', '4916199102137978', '10/20', '397', '2018-12-29 18:04:38', '2018-12-29 18:04:38', NULL),
(41, 'Shawn Hauck', '841 Dakota Turnpike', 'Handside', 'MasterCard', '4311307252577072', '05/21', '683', '2018-12-29 18:04:38', '2018-12-29 18:04:38', NULL),
(42, 'Nelson Johns', '381 Treutel Brooks', 'West Myriam', 'Discover Card', '2543973348003987', '07/21', '692', '2018-12-29 18:04:38', '2018-12-29 18:04:38', NULL),
(43, 'Alice Morissette', '20502 Volkman Haven', 'Lake Jamiestad', 'American Express', '4532237109511714', '11/20', '315', '2018-12-29 18:04:38', '2018-12-29 18:04:38', NULL),
(44, 'Veronica Adams I', '7949 Bogisich Street Suite 209', 'Hattieburgh', 'Visa', '4024007180423252', '05/20', '171', '2018-12-29 18:04:38', '2018-12-29 18:04:38', NULL),
(45, 'Prof. Henriette Goyette', '5168 Colin Mountain Apt. 194', 'Lake Demetriusfurt', 'Visa Retired', '2720863599440688', '02/19', '173', '2018-12-29 18:04:38', '2018-12-29 18:04:38', NULL),
(46, 'Bernard Macejkovic', '94928 Feest Street Suite 471', 'Hansfort', 'Visa', '4556832327140071', '09/20', '377', '2018-12-29 18:04:38', '2018-12-29 18:04:38', NULL),
(47, 'Esperanza Kuphal', '595 Torp Rest Suite 644', 'East Ward', 'Discover Card', '5454801725431648', '08/21', '986', '2018-12-29 18:04:38', '2018-12-29 18:04:38', NULL),
(48, 'Joy Murray', '3144 Christ Valley Suite 792', 'Danialtown', 'Visa', '6011892076817539', '02/19', '617', '2018-12-29 18:04:38', '2018-12-29 18:04:38', NULL),
(49, 'Dr. Leola Gottlieb IV', '4271 Witting Shoals Suite 989', 'West Alexandrine', 'Visa', '2453375051883076', '10/21', '444', '2018-12-29 18:04:38', '2018-12-29 18:04:38', NULL),
(50, 'Tillman Hessel', '8604 Pearline Way', 'Lake Johann', 'Visa', '2720803807552296', '11/21', '408', '2018-12-29 18:04:38', '2018-12-29 18:04:38', NULL),
(51, 'Brennan Trantow', '1467 Considine Pine Suite 182', 'New Rudyside', 'MasterCard', '5209774647940350', '06/20', '905', '2018-12-29 18:04:38', '2018-12-29 18:04:38', NULL),
(52, 'Mr. Lamont O\'Kon', '495 Ceasar Station Suite 918', 'Morartown', 'American Express', '4485435468091248', '02/21', '698', '2018-12-29 18:04:38', '2018-12-29 18:04:38', NULL),
(53, 'Abdiel Bernier', '19044 Jon Oval Suite 785', 'Alisaville', 'Visa', '2501245267111756', '12/19', '776', '2018-12-29 18:04:38', '2018-12-29 18:04:38', NULL),
(54, 'Ms. Margaret Littel', '71488 Hayes Plains Suite 453', 'Gorczanychester', 'Visa', '5389936339076544', '06/19', '435', '2018-12-29 18:04:38', '2018-12-29 18:04:38', NULL),
(55, 'Prof. Bryon Wiza MD', '32156 Ruecker Heights Suite 089', 'New Annie', 'American Express', '4929875635786580', '03/21', '714', '2018-12-29 18:04:38', '2018-12-29 18:04:38', NULL),
(56, 'Liliane Reichel', '991 Colt Road Suite 711', 'Walterchester', 'Discover Card', '342638668223799', '09/19', '914', '2018-12-29 18:04:38', '2018-12-29 18:04:38', NULL),
(57, 'Dr. Gerhard Brakus MD', '658 Jadyn Ville Apt. 773', 'Shaunborough', 'Visa Retired', '5312636106061735', '08/20', '116', '2018-12-29 18:04:38', '2018-12-29 18:04:38', NULL),
(58, 'Nils Pouros', '178 Guillermo Route Apt. 545', 'New Johan', 'Discover Card', '2470845203705988', '03/19', '039', '2018-12-29 18:04:38', '2018-12-29 18:04:38', NULL),
(59, 'Ashlynn Harvey', '1494 Wiegand Locks', 'Lake Lurlinebury', 'Visa Retired', '376390230851504', '05/21', '031', '2018-12-29 18:04:38', '2018-12-29 18:04:38', NULL),
(60, 'Felipe Hermiston', '65033 Clemmie Spur', 'Alishaton', 'Visa', '375821936067475', '07/20', '298', '2018-12-29 18:04:38', '2018-12-29 18:04:38', NULL),
(61, 'Emelia Koelpin', '6075 Strosin Fork Apt. 002', 'Lake Rey', 'MasterCard', '372852301176974', '06/19', '185', '2018-12-29 18:04:38', '2018-12-29 18:04:38', NULL),
(62, 'Marilie Kuhn', '2586 Holden Summit', 'Georgeborough', 'Visa Retired', '5146147724199487', '08/21', '917', '2018-12-29 18:04:38', '2018-12-29 18:04:38', NULL),
(63, 'Prof. Bobby Kunde Sr.', '341 Mariana Walks', 'Lake Jared', 'Discover Card', '6011200113943005', '08/21', '888', '2018-12-29 18:04:38', '2018-12-29 18:04:38', NULL),
(64, 'Pasquale Smitham DVM', '551 Jacquelyn Brooks', 'South Rollinfurt', 'American Express', '4455440670314111', '10/21', '342', '2018-12-29 18:04:38', '2018-12-29 18:04:38', NULL),
(65, 'Reba Ferry', '23942 Nicolas Ports Apt. 550', 'Farrellshire', 'MasterCard', '4716507265244', '07/20', '140', '2018-12-29 18:04:38', '2018-12-29 18:04:38', NULL),
(66, 'Willis Barrows', '519 Moen Spur Suite 409', 'Kielstad', 'Visa', '342416704025720', '07/21', '623', '2018-12-29 18:04:38', '2018-12-29 18:04:38', NULL),
(67, 'Raphael Pfannerstill V', '9386 Tromp Loaf Suite 244', 'Whiteburgh', 'American Express', '4485085402539503', '12/21', '786', '2018-12-29 18:04:38', '2018-12-29 18:04:38', NULL),
(68, 'Giovani Crooks MD', '7581 Hartmann Manors', 'South Aribury', 'MasterCard', '5382156263022433', '11/20', '622', '2018-12-29 18:04:38', '2018-12-29 18:04:38', NULL),
(69, 'Prof. Easton Davis', '89713 Darryl Coves', 'East Dayne', 'MasterCard', '2221774467172291', '10/19', '684', '2018-12-29 18:04:38', '2018-12-29 18:04:38', NULL),
(70, 'Dr. Edgardo Abernathy Sr.', '88805 Jerde Forest Suite 989', 'North Cydney', 'Visa', '4024007106004', '02/21', '444', '2018-12-29 18:04:38', '2018-12-29 18:04:38', NULL),
(71, 'Steve Kiehn', '19894 Bayer Street', 'East Elda', 'Visa', '5327123759252666', '02/21', '037', '2018-12-29 18:04:38', '2018-12-29 18:04:38', NULL),
(72, 'Malachi Stark', '8748 Harber Ferry', 'Cassandraport', 'Visa', '346647026728668', '08/19', '214', '2018-12-29 18:04:38', '2018-12-29 18:04:38', NULL),
(73, 'Trever Weber', '20805 Rath Squares Suite 810', 'West Lola', 'Visa', '4485363516800271', '11/20', '123', '2018-12-29 18:04:38', '2018-12-29 18:04:38', NULL),
(74, 'Levi Barrows', '10586 Ortiz Light', 'East Emmitttown', 'MasterCard', '4916233902791450', '11/20', '014', '2018-12-29 18:04:38', '2018-12-29 18:04:38', NULL),
(75, 'Salvador Zieme', '916 Jennyfer Garden', 'Kubport', 'MasterCard', '4024007124768184', '11/20', '533', '2018-12-29 18:04:38', '2018-12-29 18:04:38', NULL),
(76, 'Dr. Dino Bechtelar V', '105 Hickle Burgs', 'Helenbury', 'Discover Card', '5160924162119420', '12/19', '332', '2018-12-29 18:04:38', '2018-12-29 18:04:38', NULL),
(77, 'Asha Reilly', '582 Noble Flat', 'New Juliannehaven', 'MasterCard', '4929269308872218', '02/19', '780', '2018-12-29 18:04:38', '2018-12-29 18:04:38', NULL),
(78, 'Omari Streich', '6416 Leannon Prairie Apt. 489', 'Mckennamouth', 'Visa Retired', '5145860770801001', '05/21', '897', '2018-12-29 18:04:38', '2018-12-29 18:04:38', NULL),
(79, 'Art Mayert', '44976 Deshawn Canyon Apt. 062', 'North Florenciobury', 'Visa', '6011813941222143', '10/19', '433', '2018-12-29 18:04:38', '2018-12-29 18:04:38', NULL),
(80, 'Leonel Treutel', '849 Margot Viaduct', 'North Petra', 'Visa', '5198420292471407', '07/21', '236', '2018-12-29 18:04:38', '2018-12-29 18:04:38', NULL),
(81, 'Arch Tromp Sr.', '815 Gwen Drives', 'Violettebury', 'Visa', '4556524018261', '04/19', '586', '2018-12-29 18:04:38', '2018-12-29 18:04:38', NULL),
(82, 'Mr. Titus Lubowitz', '5749 Schmidt Dale', 'Dorrisville', 'MasterCard', '346775002005593', '03/19', '396', '2018-12-29 18:04:38', '2018-12-29 18:04:38', NULL),
(83, 'Berta White', '28139 Brandon Brook', 'Port Abbigailburgh', 'MasterCard', '4024007154111', '08/20', '111', '2018-12-29 18:04:38', '2018-12-29 18:04:38', NULL),
(84, 'Britney Cassin', '617 Beier Dale', 'Brandyfort', 'Visa', '4556979525387549', '01/20', '825', '2018-12-29 18:04:38', '2018-12-29 18:04:38', NULL),
(85, 'Cydney Dickens', '680 Ryann Walk Apt. 761', 'Port Joanniemouth', 'American Express', '2372812591758044', '05/19', '236', '2018-12-29 18:04:38', '2018-12-29 18:04:38', NULL),
(86, 'Luz Bartell', '960 Kohler Terrace Apt. 866', 'Port Hassieburgh', 'Visa', '4716540539522', '08/19', '606', '2018-12-29 18:04:38', '2018-12-29 18:04:38', NULL),
(87, 'Dorothy VonRueden', '543 Bogisich Stravenue', 'West Stuartbury', 'MasterCard', '2565490289765576', '07/20', '715', '2018-12-29 18:04:38', '2018-12-29 18:04:38', NULL),
(88, 'Miss Jakayla Miller', '9028 Wehner Port Apt. 959', 'Lake Kayleighborough', 'MasterCard', '2329330471354176', '12/21', '499', '2018-12-29 18:04:38', '2018-12-29 18:04:38', NULL),
(89, 'Ernesto Kuhic', '8784 Shayne Ridge', 'Runteberg', 'Visa', '4842528796798894', '08/19', '425', '2018-12-29 18:04:38', '2018-12-29 18:04:38', NULL),
(90, 'Prof. Brendan Altenwerth', '147 Welch Rapids', 'Lake Cecile', 'MasterCard', '2221693130705461', '07/19', '316', '2018-12-29 18:04:38', '2018-12-29 18:04:38', NULL),
(91, 'Dr. Demetrius Casper', '25412 Smith Crescent Suite 992', 'Lake Maudiehaven', 'Visa', '4716265988235', '02/21', '893', '2018-12-29 18:04:38', '2018-12-29 18:04:38', NULL),
(92, 'Jackeline Bahringer', '63822 Kacey Village', 'Esperanzaport', 'Visa', '4929877968777202', '07/21', '038', '2018-12-29 18:04:38', '2018-12-29 18:04:38', NULL),
(93, 'Royce Hauck', '781 Yundt Hills Apt. 475', 'Jacobsonchester', 'MasterCard', '6011382570608907', '10/19', '032', '2018-12-29 18:04:38', '2018-12-29 18:04:38', NULL),
(94, 'Mr. Khalil McLaughlin', '543 Samantha Harbors Suite 169', 'Halleborough', 'Visa', '4485706019022316', '08/20', '558', '2018-12-29 18:04:38', '2018-12-29 18:04:38', NULL),
(95, 'Dr. Roger Funk IV', '6099 Michael Cliff', 'Kaitlynmouth', 'MasterCard', '4929076907142', '05/20', '067', '2018-12-29 18:04:38', '2018-12-29 18:04:38', NULL),
(96, 'Marge Mills MD', '41947 Jessie Stravenue Suite 296', 'Kautzerside', 'Visa Retired', '340143144848394', '07/19', '973', '2018-12-29 18:04:38', '2018-12-29 18:04:38', NULL),
(97, 'Therese Gerlach DVM', '25128 Retha Drives', 'South Vernon', 'Visa', '4916757535169', '12/21', '559', '2018-12-29 18:04:38', '2018-12-29 18:04:38', NULL),
(98, 'Ms. Alicia Swaniawski', '3835 Blake Garden Suite 557', 'Hiltonfurt', 'Visa', '4485037664379284', '06/19', '905', '2018-12-29 18:04:38', '2018-12-29 18:04:38', NULL),
(99, 'Ada Koch Sr.', '3533 Considine Court', 'Drewshire', 'Visa', '5183896150356763', '01/19', '051', '2018-12-29 18:04:38', '2018-12-29 18:04:38', NULL),
(100, 'Martin Yost', '56823 Muhammad Course', 'Bergstromton', 'Visa Retired', '5184996340351606', '09/19', '388', '2018-12-29 18:04:38', '2018-12-29 18:04:38', NULL),
(101, 'Mr. Candelario Block', '3862 Elbert Fords', 'New Ben', 'Visa', '4916848424746466', '10/21', '674', '2018-12-29 18:04:38', '2018-12-29 18:04:38', NULL),
(102, 'Prof. Jayden Pollich', '623 Morris Hills Apt. 239', 'Jaydefort', 'Visa', '2401576812867653', '04/20', '622', '2018-12-29 18:04:38', '2018-12-29 18:04:38', NULL),
(103, 'Georgianna Schulist', '79773 Krajcik Stream', 'Laviniabury', 'Visa Retired', '4916912265900853', '12/19', '293', '2018-12-29 18:04:38', '2018-12-29 18:04:38', NULL),
(104, 'Stephanie Cummerata', '1976 Ryleigh Tunnel Apt. 760', 'Abshirebury', 'American Express', '5507267097465894', '04/19', '009', '2018-12-29 18:04:38', '2018-12-29 18:04:38', NULL),
(105, 'Rudy Harris II', '352 Schmitt Port Apt. 316', 'East Vance', 'MasterCard', '4556125074804399', '01/19', '775', '2018-12-29 18:04:38', '2018-12-29 18:04:38', NULL),
(106, 'Ruthe Bins', '994 Alicia Plain Suite 608', 'Willishaven', 'Visa', '2302022763649527', '12/21', '266', '2018-12-29 18:04:38', '2018-12-29 18:04:38', NULL),
(107, 'Halie Kub', '6926 O\'Reilly Parkway Suite 859', 'Borermouth', 'MasterCard', '4929546409428259', '02/20', '220', '2018-12-29 18:04:38', '2018-12-29 18:04:38', NULL),
(108, 'Elenor Ryan', '2421 Deckow Forest Suite 310', 'East Amayachester', 'MasterCard', '4916123598387079', '12/21', '145', '2018-12-29 18:04:38', '2018-12-29 18:04:38', NULL),
(109, 'Tommie Kunde', '768 Angie Lane Suite 394', 'East Sallyport', 'MasterCard', '2221158596097753', '06/21', '000', '2018-12-29 18:04:38', '2018-12-29 18:04:38', NULL),
(110, 'Eloy Mitchell', '8360 Aylin Burg', 'Lake Demetrius', 'Visa', '2535134703145232', '06/20', '948', '2018-12-29 18:04:38', '2018-12-29 18:04:38', NULL),
(111, 'Louisa Walsh', '135 Lafayette Parkways', 'West Jorge', 'American Express', '4929347523843', '07/19', '859', '2018-12-29 18:04:38', '2018-12-29 18:04:38', NULL),
(112, 'Dolores Botsford', '293 Shanel Fields Apt. 419', 'North Elinortown', 'Visa', '5200437536779938', '05/20', '499', '2018-12-29 18:04:38', '2018-12-29 18:04:38', NULL),
(113, 'Lilly Labadie III', '43726 Adaline Pass Suite 270', 'Adolfoland', 'MasterCard', '4024007172113', '08/21', '552', '2018-12-29 18:04:38', '2018-12-29 18:04:38', NULL),
(114, 'Calista Hodkiewicz', '819 Malvina Parks Apt. 568', 'Port Haydenton', 'MasterCard', '5394741566566461', '07/20', '498', '2018-12-29 18:04:38', '2018-12-29 18:04:38', NULL),
(115, 'Benny Leannon', '54404 Bergnaum Burg', 'Heatherview', 'MasterCard', '4579740049918778', '11/20', '341', '2018-12-29 18:04:38', '2018-12-29 18:04:38', NULL),
(116, 'Macey Casper', '87108 Bogisich Point Suite 970', 'Lake Carolina', 'American Express', '4532090901925', '05/19', '288', '2018-12-29 18:04:38', '2018-12-29 18:04:38', NULL),
(117, 'Alayna Marks', '189 Sauer Extension Suite 318', 'East Marianostad', 'Visa', '6011039648401976', '09/19', '924', '2018-12-29 18:04:38', '2018-12-29 18:04:38', NULL),
(118, 'Melissa Becker', '340 Marta Throughway Suite 407', 'East Joseph', 'American Express', '4929097238283408', '02/19', '072', '2018-12-29 18:04:38', '2018-12-29 18:04:38', NULL),
(119, 'Sam Toy', '345 Austin Harbors', 'West Ian', 'MasterCard', '2720732452721601', '05/21', '883', '2018-12-29 18:04:38', '2018-12-29 18:04:38', NULL),
(120, 'Mr. Alfonso Mayer', '55174 Yvonne Greens Apt. 435', 'South Leifmouth', 'MasterCard', '4024007103735022', '01/21', '533', '2018-12-29 18:04:38', '2018-12-29 18:04:38', NULL),
(121, 'Miss Marcia Romaguera MD', '69612 Durward Bridge Suite 358', 'New Bernadinechester', 'Discover Card', '4539473428068028', '02/20', '783', '2018-12-29 18:04:38', '2018-12-29 18:04:38', NULL),
(122, 'Juliet Rogahn', '77841 Halvorson Vista Suite 514', 'Port Thea', 'Visa Retired', '4024007198163106', '01/19', '352', '2018-12-29 18:04:38', '2018-12-29 18:04:38', NULL),
(123, 'Joaquin West', '5264 Nella Hills', 'Bechtelarchester', 'Visa', '6011057958165742', '08/21', '442', '2018-12-29 18:04:38', '2018-12-29 18:04:38', NULL),
(124, 'Dr. Cristopher Schumm', '80399 Howell Avenue Suite 484', 'West Ambrosemouth', 'American Express', '2322772219259331', '02/20', '367', '2018-12-29 18:04:38', '2018-12-29 18:04:38', NULL),
(125, 'Jamal Pouros', '5782 Jamal Common', 'Guybury', 'Visa', '5462499970058826', '02/20', '559', '2018-12-29 18:04:38', '2018-12-29 18:04:38', NULL),
(126, 'Alek Klein V', '9348 Mann Mews', 'West Cloyd', 'Visa', '4916375346441364', '02/20', '567', '2018-12-29 18:04:38', '2018-12-29 18:04:38', NULL),
(127, 'Angel Predovic', '33319 Claudia Well', 'Hilperthaven', 'Visa Retired', '2322973602425501', '09/19', '698', '2018-12-29 18:04:38', '2018-12-29 18:04:38', NULL),
(128, 'Beverly Mann', '48489 Veda Spring', 'Hipolitobury', 'MasterCard', '2338865625801845', '08/20', '823', '2018-12-29 18:04:38', '2018-12-29 18:04:38', NULL),
(129, 'Heloise Nitzsche I', '15451 Maybell Ridge', 'North Malachiborough', 'Visa', '342559874423629', '02/20', '214', '2018-12-29 18:04:38', '2018-12-29 18:04:38', NULL),
(130, 'Mr. Manley Weissnat', '66910 Frida Flat', 'Kohlermouth', 'Visa', '4916348031298266', '11/19', '128', '2018-12-29 18:04:38', '2018-12-29 18:04:38', NULL),
(131, 'Ms. Rosalyn Olson Sr.', '66160 Nader Station Suite 082', 'Lake Aniyah', 'Discover Card', '2521771714064955', '02/21', '109', '2018-12-29 18:04:38', '2018-12-29 18:04:38', NULL),
(132, 'Miss Brionna Mante MD', '60672 Remington Manors Apt. 455', 'Schinnerchester', 'Visa', '2720854667631472', '08/21', '629', '2018-12-29 18:04:38', '2018-12-29 18:04:38', NULL),
(133, 'Mr. Mateo Schmidt Sr.', '276 Schmidt Canyon Apt. 893', 'Kingshire', 'MasterCard', '4929298560267452', '02/20', '374', '2018-12-29 18:04:38', '2018-12-29 18:04:38', NULL),
(134, 'Rowena Reichert', '5576 Thompson Drives Suite 911', 'Sengerton', 'Discover Card', '4539616572740913', '08/20', '138', '2018-12-29 18:04:38', '2018-12-29 18:04:38', NULL),
(135, 'Faye Russel', '988 Madelyn Key Suite 225', 'Stanleybury', 'Visa', '2504379794345947', '05/19', '289', '2018-12-29 18:04:38', '2018-12-29 18:04:38', NULL),
(136, 'Nya Schneider', '845 Bechtelar Path Apt. 794', 'East Reginaldburgh', 'Visa Retired', '5322273741180676', '09/21', '982', '2018-12-29 18:04:38', '2018-12-29 18:04:38', NULL),
(137, 'Cathy Hackett', '5552 Cole Brook', 'Kuhnbury', 'Visa', '376185881704030', '04/20', '813', '2018-12-29 18:04:38', '2018-12-29 18:04:38', NULL),
(138, 'Prof. Benton Conroy V', '4322 Dawson Inlet Suite 113', 'Lake Colleen', 'MasterCard', '370666621459635', '10/20', '603', '2018-12-29 18:04:38', '2018-12-29 18:04:38', NULL),
(139, 'Brandon Crooks', '52555 Dannie Ford', 'Gutkowskiburgh', 'MasterCard', '2408048602882527', '09/20', '576', '2018-12-29 18:04:38', '2018-12-29 18:04:38', NULL),
(140, 'Cristobal Turner', '4854 Terry Hill', 'Patrickville', 'Visa', '4556556645286981', '12/19', '195', '2018-12-29 18:04:38', '2018-12-29 18:04:38', NULL),
(141, 'Garry Fisher Jr.', '44168 Donnell Meadow', 'Hiltonmouth', 'MasterCard', '6011814221054487', '12/19', '229', '2018-12-29 18:04:38', '2018-12-29 18:04:38', NULL),
(142, 'Erika Huels DVM', '981 Jaydon Mission', 'Port Nathanielmouth', 'American Express', '4485999610506619', '05/20', '898', '2018-12-29 18:04:38', '2018-12-29 18:04:38', NULL),
(143, 'Abigayle Reichert', '82192 Erdman Spring', 'Stokeschester', 'Visa Retired', '5531634730738443', '08/21', '475', '2018-12-29 18:04:38', '2018-12-29 18:04:38', NULL),
(144, 'Dr. Laurel Hackett IV', '85503 Oberbrunner Shoal Apt. 402', 'Port Emersonside', 'Visa', '5486639994542576', '09/21', '125', '2018-12-29 18:04:38', '2018-12-29 18:04:38', NULL),
(145, 'Sandra Powlowski', '52520 Ashton Forges Apt. 002', 'Port Stanhaven', 'MasterCard', '4532919635933377', '09/21', '174', '2018-12-29 18:04:38', '2018-12-29 18:04:38', NULL),
(146, 'Dr. Thurman Cassin I', '350 Bernhard Corner', 'Dickenschester', 'MasterCard', '4532703025169986', '06/21', '011', '2018-12-29 18:04:38', '2018-12-29 18:04:38', NULL),
(147, 'Stephen Baumbach', '43674 Amos Mountain', 'Langworthberg', 'MasterCard', '343747878698226', '06/21', '417', '2018-12-29 18:04:38', '2018-12-29 18:04:38', NULL),
(148, 'Ayla Waters DDS', '59975 Cormier Lock', 'Sawaynfurt', 'Visa', '2221266384182743', '02/20', '912', '2018-12-29 18:04:38', '2018-12-29 18:04:38', NULL),
(149, 'Mr. Camryn Douglas DDS', '381 Seamus Lakes', 'South Darby', 'MasterCard', '6011754101243323', '05/21', '558', '2018-12-29 18:04:38', '2018-12-29 18:04:38', NULL),
(150, 'Lauriane Rau', '3812 Ismael Summit', 'Leannonborough', 'Visa', '4485578174132796', '12/20', '617', '2018-12-29 18:04:38', '2018-12-29 18:04:38', NULL),
(151, 'Raphaelle Lueilwitz', '7057 Tad Plains Suite 945', 'Lake Emerald', 'American Express', '4024007155063729', '04/19', '146', '2018-12-29 18:04:38', '2018-12-29 18:04:38', NULL),
(152, 'Prof. Mike Beatty', '1857 Freida Forest', 'Matildaborough', 'Visa Retired', '4770395796667651', '02/21', '197', '2018-12-29 18:04:38', '2018-12-29 18:04:38', NULL),
(153, 'Prof. Matilde Lockman', '4588 Halvorson Estate', 'Guidofurt', 'MasterCard', '342161222931765', '08/21', '594', '2018-12-29 18:04:38', '2018-12-29 18:04:38', NULL),
(154, 'Ms. Rosanna Altenwerth DVM', '318 Americo Shores', 'Port Jefferey', 'Visa Retired', '4532555905350429', '12/20', '762', '2018-12-29 18:04:38', '2018-12-29 18:04:38', NULL),
(155, 'Prof. Saul Pfeffer DDS', '516 Hane Highway Suite 282', 'Shyannemouth', 'MasterCard', '4929081117379222', '05/20', '741', '2018-12-29 18:04:38', '2018-12-29 18:04:38', NULL),
(156, 'Amaya O\'Reilly', '92830 Marvin Rue', 'East Martyberg', 'Visa', '4532327503547297', '12/21', '384', '2018-12-29 18:04:38', '2018-12-29 18:04:38', NULL),
(157, 'Dr. Eryn Cronin', '6401 Janet Mount Apt. 840', 'Michaelaborough', 'MasterCard', '4556145059948995', '11/19', '036', '2018-12-29 18:04:38', '2018-12-29 18:04:38', NULL),
(158, 'Jody Haley', '3899 Anna Ferry', 'Londonstad', 'American Express', '2352574805130659', '11/20', '185', '2018-12-29 18:04:38', '2018-12-29 18:04:38', NULL),
(159, 'Veda Pouros V', '60430 McClure Summit Suite 090', 'New Wilsonstad', 'MasterCard', '4532329305054', '04/21', '098', '2018-12-29 18:04:38', '2018-12-29 18:04:38', NULL),
(160, 'Xzavier Fadel PhD', '3190 Ferry Drive', 'Port Dominic', 'Visa', '4024007100563757', '12/20', '865', '2018-12-29 18:04:38', '2018-12-29 18:04:38', NULL),
(161, 'Vergie Howell', '1061 Norene Landing', 'Luciousview', 'Visa', '4532190382812368', '12/21', '683', '2018-12-29 18:04:38', '2018-12-29 18:04:38', NULL),
(162, 'Phyllis Moen', '35697 Johnny Bypass Apt. 167', 'Delaneyshire', 'Discover Card', '4024007190287762', '01/20', '037', '2018-12-29 18:04:38', '2018-12-29 18:04:38', NULL),
(163, 'Dr. Isobel Ledner DDS', '16639 Larson Isle Apt. 953', 'Manteshire', 'Visa', '6011994841224890', '03/19', '790', '2018-12-29 18:04:38', '2018-12-29 18:04:38', NULL),
(164, 'Rebeca Feil', '391 Grady Fork', 'Rohanbury', 'Discover Card', '4515501369419889', '12/19', '958', '2018-12-29 18:04:38', '2018-12-29 18:04:38', NULL),
(165, 'Rubye Stamm', '69687 Cielo Meadows Apt. 788', 'Adahfurt', 'Visa', '5286448846828759', '04/20', '558', '2018-12-29 18:04:38', '2018-12-29 18:04:38', NULL),
(166, 'Luis Bergstrom', '41432 Bartoletti Squares Suite 005', 'Greysonside', 'Visa', '4916939029892969', '04/19', '299', '2018-12-29 18:04:38', '2018-12-29 18:04:38', NULL),
(167, 'Prof. Osvaldo Bartell', '52422 Kassulke Ways Apt. 055', 'Giannifort', 'Visa Retired', '6011689521561831', '05/21', '431', '2018-12-29 18:04:38', '2018-12-29 18:04:38', NULL),
(168, 'Kamille Emmerich', '1250 Kuphal Streets', 'Wardland', 'Visa Retired', '2498872399811642', '11/20', '890', '2018-12-29 18:04:38', '2018-12-29 18:04:38', NULL),
(169, 'Flavio Corkery', '2144 Fisher Well', 'South Nettie', 'MasterCard', '2570331364618673', '03/20', '819', '2018-12-29 18:04:38', '2018-12-29 18:04:38', NULL),
(170, 'Mrs. Beatrice Price III', '47500 Brayan Oval', 'Lake Fernandomouth', 'Visa Retired', '4024007177649489', '07/21', '764', '2018-12-29 18:04:38', '2018-12-29 18:04:38', NULL),
(171, 'Jared Cruickshank', '94236 Nader Curve', 'East Nicholasmouth', 'American Express', '4532205412750', '08/21', '622', '2018-12-29 18:04:38', '2018-12-29 18:04:38', NULL),
(172, 'Christy Bayer', '21651 Lucy Light', 'Kaceyshire', 'Visa', '2720131339970723', '12/19', '828', '2018-12-29 18:04:38', '2018-12-29 18:04:38', NULL),
(173, 'Prof. Taryn Stoltenberg IV', '7481 D\'Amore Squares', 'Natashashire', 'American Express', '5559750566434381', '09/21', '075', '2018-12-29 18:04:38', '2018-12-29 18:04:38', NULL),
(174, 'Clotilde Schoen', '701 Hyatt Villages Apt. 963', 'North Tanya', 'MasterCard', '5185113602006360', '02/21', '238', '2018-12-29 18:04:38', '2018-12-29 18:04:38', NULL),
(175, 'Nickolas Gutmann', '9981 Auer Underpass', 'Starkside', 'Visa', '2526167560672790', '03/19', '152', '2018-12-29 18:04:38', '2018-12-29 18:04:38', NULL),
(176, 'Tracy Kautzer', '13445 Gayle Lake Apt. 202', 'Waelchiland', 'MasterCard', '4024007184175', '04/20', '774', '2018-12-29 18:04:38', '2018-12-29 18:04:38', NULL),
(177, 'Mr. Francesco Bayer V', '67381 D\'Amore Coves', 'Pacochaport', 'MasterCard', '2579128847673528', '08/20', '959', '2018-12-29 18:04:38', '2018-12-29 18:04:38', NULL),
(178, 'Kory Zemlak', '404 Leonora Road', 'Deckowview', 'MasterCard', '5125317926249969', '06/21', '326', '2018-12-29 18:04:38', '2018-12-29 18:04:38', NULL),
(179, 'Enola Douglas DVM', '824 Raynor Hill Suite 132', 'Enriqueton', 'MasterCard', '2720625023921702', '06/19', '293', '2018-12-29 18:04:38', '2018-12-29 18:04:38', NULL),
(180, 'Jon Hilpert', '169 Terrance Mills', 'Port Kyle', 'Visa', '376747378256046', '07/19', '266', '2018-12-29 18:04:38', '2018-12-29 18:04:38', NULL),
(181, 'Maximillia Weissnat Sr.', '607 Cummerata Glens', 'Kozeyborough', 'Visa', '6011070723408982', '02/21', '371', '2018-12-29 18:04:38', '2018-12-29 18:04:38', NULL),
(182, 'Clinton Friesen', '281 Herminia Streets Suite 193', 'Russelshire', 'MasterCard', '4532187525491084', '11/21', '025', '2018-12-29 18:04:38', '2018-12-29 18:04:38', NULL),
(183, 'Mr. Johann Gulgowski II', '9371 Ziemann Crest Apt. 403', 'Schuylerchester', 'Discover Card', '4716232860242995', '10/20', '396', '2018-12-29 18:04:38', '2018-12-29 18:04:38', NULL),
(184, 'Gerard Strosin', '3761 Braulio Shoal', 'South Dollyfurt', 'Discover Card', '2682488391899810', '09/20', '088', '2018-12-29 18:04:38', '2018-12-29 18:04:38', NULL),
(185, 'Erin Armstrong', '239 Fisher Manor Suite 807', 'Schillermouth', 'Visa', '2221798480490810', '02/19', '973', '2018-12-29 18:04:38', '2018-12-29 18:04:38', NULL),
(186, 'Prof. Alexa Fritsch', '756 Beatty Fields Suite 827', 'New Estherfort', 'Visa Retired', '2720066901426102', '12/21', '136', '2018-12-29 18:04:38', '2018-12-29 18:04:38', NULL),
(187, 'Rachelle Larson', '430 Ida Plaza', 'Walkerburgh', 'MasterCard', '2496985199982694', '12/18', '621', '2018-12-29 18:04:38', '2018-12-29 18:04:38', NULL),
(188, 'Miss Lexi Kuhn II', '2427 Satterfield Ramp Apt. 097', 'South Chesterfurt', 'Visa', '4539407539587', '12/21', '084', '2018-12-29 18:04:38', '2018-12-29 18:04:38', NULL),
(189, 'Omari Ullrich Jr.', '637 O\'Kon Drives', 'Harrisonburgh', 'Discover Card', '4716336359837379', '11/20', '765', '2018-12-29 18:04:38', '2018-12-29 18:04:38', NULL),
(190, 'Jaime Stiedemann', '9535 Runte Glens', 'South Tate', 'American Express', '4494492381516263', '12/19', '113', '2018-12-29 18:04:38', '2018-12-29 18:04:38', NULL),
(191, 'Elijah Schinner', '8494 Brown Dam', 'South Kari', 'MasterCard', '4024007137984992', '06/20', '790', '2018-12-29 18:04:38', '2018-12-29 18:04:38', NULL),
(192, 'Linnie Roberts', '240 Nya Spring Apt. 751', 'Sandraport', 'MasterCard', '4929383251697', '01/19', '895', '2018-12-29 18:04:39', '2018-12-29 18:04:39', NULL),
(193, 'Micheal Deckow', '832 Stamm Stream Apt. 165', 'Fritzchester', 'MasterCard', '2720182026528340', '07/20', '310', '2018-12-29 18:04:39', '2018-12-29 18:04:39', NULL),
(194, 'Beverly Nikolaus Sr.', '5460 Ward Club Suite 132', 'South Nyastad', 'MasterCard', '2662044789324368', '01/21', '782', '2018-12-29 18:04:39', '2018-12-29 18:04:39', NULL),
(195, 'Icie Goyette I', '640 Zboncak Forks', 'Port Dallinstad', 'Visa Retired', '5375064575252079', '05/19', '056', '2018-12-29 18:04:39', '2018-12-29 18:04:39', NULL),
(196, 'Mariana Casper', '83083 Jacobs Hill', 'Merrittmouth', 'Visa', '2720635576745390', '07/20', '220', '2018-12-29 18:04:39', '2018-12-29 18:04:39', NULL),
(197, 'Merritt Donnelly Sr.', '995 Klein Villages Apt. 475', 'Nyamouth', 'MasterCard', '4929775165637734', '07/20', '958', '2018-12-29 18:04:39', '2018-12-29 18:04:39', NULL),
(198, 'Javon Raynor', '167 Virgil Lane', 'Hermannstad', 'MasterCard', '2448663684706337', '01/20', '650', '2018-12-29 18:04:39', '2018-12-29 18:04:39', NULL),
(199, 'Frederic Bahringer', '7874 Miles Glens', 'Kreigerbury', 'MasterCard', '5280702185800035', '11/19', '298', '2018-12-29 18:04:39', '2018-12-29 18:04:39', NULL),
(200, 'Mrs. Stacey Schuster II', '5517 Vesta Via Apt. 950', 'Marcoland', 'American Express', '4539357936916', '10/21', '171', '2018-12-29 18:04:39', '2018-12-29 18:04:39', NULL),
(201, 'Mr. Quincy Quigley', '9143 Lindgren Port Suite 327', 'Shaunview', 'Visa Retired', '4024007130524001', '01/20', '339', '2018-12-29 18:04:39', '2018-12-29 18:04:39', NULL),
(202, 'Gloria Renner', '2035 Goldner Port Apt. 142', 'Peteport', 'Visa', '2720363320132589', '01/19', '540', '2018-12-29 18:04:39', '2018-12-29 18:04:39', NULL),
(203, 'Margaretta Shanahan', '34823 Schinner Village', 'East Shannonbury', 'Visa Retired', '4556502807071464', '05/19', '964', '2018-12-29 18:04:39', '2018-12-29 18:04:39', NULL),
(204, 'Chester Schuster', '601 Prosacco Curve Apt. 292', 'North Saraiberg', 'Discover Card', '5268263380033738', '06/21', '964', '2018-12-29 18:04:39', '2018-12-29 18:04:39', NULL),
(205, 'Laurianne Wiza PhD', '666 Gerry Courts Suite 253', 'South Jody', 'Visa', '4485387551693804', '11/19', '216', '2018-12-29 18:04:39', '2018-12-29 18:04:39', NULL),
(206, 'Abbey Kovacek V', '2985 Clarissa Course', 'Serenityborough', 'MasterCard', '340994055570330', '01/21', '672', '2018-12-29 18:04:39', '2018-12-29 18:04:39', NULL),
(207, 'Lowell Wehner III', '9130 Leopoldo Flats Suite 566', 'South Orlando', 'Discover Card', '6011561417486615', '09/19', '724', '2018-12-29 18:04:39', '2018-12-29 18:04:39', NULL),
(208, 'Mr. Lorenza Wolff', '127 Kiara Springs', 'West Brianberg', 'MasterCard', '4024007182623537', '12/20', '944', '2018-12-29 18:04:39', '2018-12-29 18:04:39', NULL),
(209, 'Shanel Thiel', '3392 Reilly Junctions Apt. 119', 'North Mireilleville', 'MasterCard', '5492680424175928', '03/19', '212', '2018-12-29 18:04:39', '2018-12-29 18:04:39', NULL),
(210, 'Dr. Alexzander Jacobi', '6351 Quitzon Lane Suite 914', 'South Mertieland', 'Visa', '6011593463673937', '10/20', '692', '2018-12-29 18:04:39', '2018-12-29 18:04:39', NULL),
(211, 'Miss Maria Ruecker', '22619 Friesen Drive', 'Cadenburgh', 'MasterCard', '2379403347356458', '09/21', '464', '2018-12-29 18:04:39', '2018-12-29 18:04:39', NULL),
(212, 'Miss Santina Ferry V', '59452 Eichmann Place Suite 634', 'Kochchester', 'Visa Retired', '4532174397013154', '08/19', '270', '2018-12-29 18:04:39', '2018-12-29 18:04:39', NULL),
(213, 'Abigail Walker', '7813 Nikolaus Field Apt. 285', 'West Marcellabury', 'MasterCard', '6011698788338734', '10/21', '238', '2018-12-29 18:04:39', '2018-12-29 18:04:39', NULL),
(214, 'Prof. Gilbert Quigley PhD', '2238 Jettie Wells', 'Lake Bernard', 'MasterCard', '6011847872175227', '10/20', '144', '2018-12-29 18:04:39', '2018-12-29 18:04:39', NULL),
(215, 'Carolyn Stamm', '67193 Rodriguez Walk Apt. 997', 'South Rossbury', 'Visa Retired', '2667655702171431', '12/21', '221', '2018-12-29 18:04:39', '2018-12-29 18:04:39', NULL),
(216, 'Jayme Flatley', '68204 Veum Cliff Apt. 618', 'Yundthaven', 'MasterCard', '377119052051706', '07/21', '984', '2018-12-29 18:04:39', '2018-12-29 18:04:39', NULL),
(217, 'Miss Jacinthe Glover', '67773 Natasha Mount', 'New Melodyberg', 'Visa', '2394557934650473', '07/21', '025', '2018-12-29 18:04:39', '2018-12-29 18:04:39', NULL),
(218, 'Donny Medhurst', '404 Lemke Shoals Suite 720', 'Sanfordside', 'Discover Card', '4532562706667688', '04/19', '111', '2018-12-29 18:04:39', '2018-12-29 18:04:39', NULL),
(219, 'Arne McLaughlin', '2686 Cornell Crossroad', 'Jerdefurt', 'Visa', '4716924945274106', '12/20', '037', '2018-12-29 18:04:39', '2018-12-29 18:04:39', NULL),
(220, 'Stevie Ullrich', '6645 Claud Vista', 'Amyafort', 'Visa', '4532429636259921', '02/21', '987', '2018-12-29 18:04:39', '2018-12-29 18:04:39', NULL),
(221, 'Carli Kohler', '790 Kub Fields', 'Dominicton', 'Visa', '4916074765504618', '07/19', '577', '2018-12-29 18:04:39', '2018-12-29 18:04:39', NULL),
(222, 'Dejuan Runolfsdottir', '8487 Bins Trace Apt. 785', 'Virginiaport', 'Visa', '5578796406289607', '02/20', '794', '2018-12-29 18:04:39', '2018-12-29 18:04:39', NULL),
(223, 'Ms. Oma Lesch', '1350 Eichmann Greens', 'Lake Pascale', 'MasterCard', '6011647119817361', '02/19', '797', '2018-12-29 18:04:39', '2018-12-29 18:04:39', NULL),
(224, 'Miss Tamia Braun DVM', '449 Cassin Estates Apt. 603', 'Port Bobbyville', 'Visa', '5342826488482591', '07/21', '727', '2018-12-29 18:04:39', '2018-12-29 18:04:39', NULL),
(225, 'Afton Stehr MD', '77795 Ryder Creek', 'South Ransomland', 'MasterCard', '5451385043411410', '07/20', '826', '2018-12-29 18:04:39', '2018-12-29 18:04:39', NULL),
(226, 'Shanna Olson', '998 Dominic Mountain', 'South Amberside', 'Visa', '4716612940635070', '02/21', '367', '2018-12-29 18:04:39', '2018-12-29 18:04:39', NULL),
(227, 'Kennith Walter', '8373 Renner Stravenue', 'Lake Winfieldfurt', 'MasterCard', '5217614440837405', '04/19', '368', '2018-12-29 18:04:39', '2018-12-29 18:04:39', NULL),
(228, 'Dr. Jorge Murazik', '74867 Feest Burgs Suite 381', 'New Delilah', 'Visa', '4929136276384965', '03/21', '574', '2018-12-29 18:04:39', '2018-12-29 18:04:39', NULL),
(229, 'Crystal Weber', '80760 Wilkinson Squares', 'New Jeradview', 'MasterCard', '4539019752395238', '07/19', '073', '2018-12-29 18:04:39', '2018-12-29 18:04:39', NULL),
(230, 'Dylan Quitzon', '5814 Hermann Port', 'Hansenside', 'Discover Card', '5370354360563326', '01/20', '277', '2018-12-29 18:04:39', '2018-12-29 18:04:39', NULL),
(231, 'Ramiro Terry', '20914 Kaley Hill Suite 605', 'East Ellsworth', 'Visa', '5224799108748100', '10/19', '442', '2018-12-29 18:04:39', '2018-12-29 18:04:39', NULL),
(232, 'Gianni Hodkiewicz', '6533 Kurtis Green Suite 256', 'Mariemouth', 'MasterCard', '2221192408492548', '12/21', '256', '2018-12-29 18:04:39', '2018-12-29 18:04:39', NULL),
(233, 'Bennie Lesch', '4377 Pagac Locks Suite 633', 'Elisabethhaven', 'Visa', '4716986489950', '01/21', '415', '2018-12-29 18:04:39', '2018-12-29 18:04:39', NULL),
(234, 'Burdette Jones', '5726 Watsica Station', 'North Dovieton', 'Discover Card', '4556945804745', '06/21', '758', '2018-12-29 18:04:39', '2018-12-29 18:04:39', NULL),
(235, 'Elian Collins', '70504 Demarco Drive Suite 364', 'East Suzanne', 'Discover Card', '6011255738800337', '01/21', '518', '2018-12-29 18:04:39', '2018-12-29 18:04:39', NULL),
(236, 'Prof. Queenie Walter II', '854 Abshire Row', 'Cooperton', 'Visa', '4556348586995907', '08/21', '892', '2018-12-29 18:04:39', '2018-12-29 18:04:39', NULL),
(237, 'Carmela Bode', '960 Blanca Brook', 'Kulasview', 'Visa', '2587236188132648', '02/21', '471', '2018-12-29 18:04:39', '2018-12-29 18:04:39', NULL),
(238, 'Prof. Dagmar Hahn MD', '8565 Adrianna Route', 'Port Kaceybury', 'Visa', '4929177448118279', '07/19', '132', '2018-12-29 18:04:39', '2018-12-29 18:04:39', NULL),
(239, 'Cleveland Lynch', '219 Stanton Plaza Suite 132', 'Lake Abdul', 'Visa', '4532973073056621', '09/19', '459', '2018-12-29 18:04:39', '2018-12-29 18:04:39', NULL),
(240, 'Daniela Eichmann', '7696 Ward Squares Suite 892', 'Nicolashaven', 'Discover Card', '4539354259605015', '08/19', '099', '2018-12-29 18:04:39', '2018-12-29 18:04:39', NULL),
(241, 'Juliet Zieme', '652 Runte Manors Suite 032', 'Pasqualefort', 'MasterCard', '2697649337502940', '11/20', '427', '2018-12-29 18:04:39', '2018-12-29 18:04:39', NULL),
(242, 'Faye Graham', '54770 Goyette Shore Apt. 356', 'Leonorhaven', 'Visa', '2506251401429653', '10/21', '964', '2018-12-29 18:04:39', '2018-12-29 18:04:39', NULL),
(243, 'Amelie Ward', '13201 Botsford Ridges Apt. 570', 'New Evangeline', 'Visa', '373264295531801', '04/21', '156', '2018-12-29 18:04:39', '2018-12-29 18:04:39', NULL),
(244, 'Webster Runolfsdottir', '423 Porter Centers', 'South Felicitaborough', 'Discover Card', '5588909813354231', '12/20', '580', '2018-12-29 18:04:39', '2018-12-29 18:04:39', NULL),
(245, 'Mr. Tom West DDS', '74340 Hansen Locks', 'Elvaview', 'Visa', '4485872654475589', '05/19', '923', '2018-12-29 18:04:39', '2018-12-29 18:04:39', NULL),
(246, 'Kristy Luettgen Jr.', '5257 Hadley Lodge', 'Verliemouth', 'Visa', '4556376129680264', '02/20', '558', '2018-12-29 18:04:39', '2018-12-29 18:04:39', NULL),
(247, 'Mr. Vincenzo Cassin', '7513 Fermin Pass', 'Prosaccomouth', 'MasterCard', '5567980944195392', '04/21', '911', '2018-12-29 18:04:39', '2018-12-29 18:04:39', NULL),
(248, 'Neil Jaskolski', '126 Armando Village', 'Hodkiewiczville', 'Visa', '4556049877043', '08/19', '590', '2018-12-29 18:04:39', '2018-12-29 18:04:39', NULL),
(249, 'Desmond Brekke', '624 Waelchi Ford', 'Schambergermouth', 'MasterCard', '4539244368686081', '11/20', '670', '2018-12-29 18:04:39', '2018-12-29 18:04:39', NULL),
(250, 'Albertha Rice', '298 Marquardt Lakes', 'East Marcelle', 'American Express', '6011878874801346', '07/21', '358', '2018-12-29 18:04:39', '2018-12-29 18:04:39', NULL),
(251, 'Ms. Cheyanne Hodkiewicz', '384 Metz Harbors', 'West Maximillia', 'MasterCard', '2720389241237165', '12/21', '953', '2018-12-29 18:04:39', '2018-12-29 18:04:39', NULL),
(252, 'Eileen Cormier', '66585 Norene Corner Apt. 691', 'Troyview', 'MasterCard', '2333796278602286', '07/19', '361', '2018-12-29 18:04:39', '2018-12-29 18:04:39', NULL),
(253, 'Prof. Connor Murray', '63095 Donnelly Rest Apt. 261', 'Gersonborough', 'Visa', '4916307305366126', '03/19', '256', '2018-12-29 18:04:39', '2018-12-29 18:04:39', NULL),
(254, 'Prof. Oda Rath', '93875 Jenkins Points', 'Port Vivienchester', 'MasterCard', '4844616180132727', '11/19', '848', '2018-12-29 18:04:39', '2018-12-29 18:04:39', NULL),
(255, 'Bonita Spinka', '87360 Terry Haven', 'East Margotbury', 'American Express', '2720826351049211', '09/21', '512', '2018-12-29 18:04:39', '2018-12-29 18:04:39', NULL),
(256, 'Torey Klocko I', '4533 Yost Drive', 'New Willa', 'Visa', '2559942909304879', '07/19', '900', '2018-12-29 18:04:39', '2018-12-29 18:04:39', NULL),
(257, 'Savanna Hammes', '100 Koelpin Ridges Apt. 318', 'East Davin', 'MasterCard', '379860329615389', '11/21', '187', '2018-12-29 18:04:39', '2018-12-29 18:04:39', NULL),
(258, 'Odie Mosciski Jr.', '79778 Edgar Green Apt. 363', 'Maryjanemouth', 'Discover Card', '4929312372384056', '02/20', '921', '2018-12-29 18:04:39', '2018-12-29 18:04:39', NULL),
(259, 'Rebekah Gottlieb', '5369 Kiehn Mountains Suite 737', 'Robertsview', 'MasterCard', '4716651259201330', '02/20', '172', '2018-12-29 18:04:39', '2018-12-29 18:04:39', NULL),
(260, 'Dan Ullrich', '6972 Leonel Knoll Apt. 361', 'Port Garfield', 'Visa Retired', '4929478552433508', '09/20', '492', '2018-12-29 18:04:39', '2018-12-29 18:04:39', NULL),
(261, 'Miss Earlene Ortiz II', '21891 Stehr Junction Apt. 715', 'Port Marisol', 'Visa Retired', '4916916888928894', '04/19', '891', '2018-12-29 18:04:39', '2018-12-29 18:04:39', NULL),
(262, 'Prof. Lula Goyette', '138 Kathlyn Drive Suite 220', 'Port Peggie', 'Visa Retired', '4024007167329', '07/19', '120', '2018-12-29 18:04:39', '2018-12-29 18:04:39', NULL),
(263, 'Dennis Hirthe', '718 West Court', 'Watersville', 'Visa Retired', '2573983426330775', '08/19', '712', '2018-12-29 18:04:39', '2018-12-29 18:04:39', NULL),
(264, 'Emely O\'Kon', '4917 Jacky Field Suite 066', 'Brakusborough', 'Visa', '6011820425703969', '09/21', '966', '2018-12-29 18:04:39', '2018-12-29 18:04:39', NULL),
(265, 'Mose Hammes', '81010 Schulist Track Apt. 251', 'Lake Shakirahaven', 'Discover Card', '4556189362780', '10/20', '146', '2018-12-29 18:04:39', '2018-12-29 18:04:39', NULL),
(266, 'Porter O\'Connell', '70585 Kerluke Ridge Apt. 418', 'Port Mae', 'Visa', '4539216614761769', '11/19', '541', '2018-12-29 18:04:39', '2018-12-29 18:04:39', NULL),
(267, 'Laurel Heathcote', '4411 Felicita Point', 'East Henri', 'Visa', '4556203122299662', '08/21', '440', '2018-12-29 18:04:39', '2018-12-29 18:04:39', NULL),
(268, 'Laurine Schimmel', '2832 Kurt Terrace', 'East Marielastad', 'MasterCard', '5299084684514725', '07/21', '562', '2018-12-29 18:04:39', '2018-12-29 18:04:39', NULL),
(269, 'Julie Lowe', '77561 Parisian Valley Apt. 249', 'Patriciaview', 'MasterCard', '4532782274081084', '03/20', '015', '2018-12-29 18:04:39', '2018-12-29 18:04:39', NULL),
(270, 'Dr. Jo Boyle', '641 Adah Heights', 'McCluremouth', 'MasterCard', '6011082655569855', '12/20', '408', '2018-12-29 18:04:39', '2018-12-29 18:04:39', NULL),
(271, 'Mr. Fidel Borer', '4193 Christiansen Inlet', 'West Josephineborough', 'MasterCard', '2669429161027676', '11/19', '513', '2018-12-29 18:04:39', '2018-12-29 18:04:39', NULL),
(272, 'Miss Vernie Pouros MD', '846 Westley Branch Suite 911', 'Londonburgh', 'MasterCard', '340925215604254', '06/21', '395', '2018-12-29 18:04:39', '2018-12-29 18:04:39', NULL),
(273, 'Paxton West', '3473 Breanne Walk Suite 318', 'West Tamiaville', 'Visa', '2221107476373750', '05/19', '565', '2018-12-29 18:04:39', '2018-12-29 18:04:39', NULL),
(274, 'Prof. Arnoldo Miller', '11148 Dulce Point', 'New Alena', 'MasterCard', '6011247306011819', '10/20', '907', '2018-12-29 18:04:39', '2018-12-29 18:04:39', NULL),
(275, 'Helen Lubowitz', '162 Demarco Fields', 'Port Flossie', 'Visa', '5570081796457165', '10/21', '090', '2018-12-29 18:04:39', '2018-12-29 18:04:39', NULL),
(276, 'Ruth Kiehn', '2355 Koelpin Squares', 'East Trace', 'MasterCard', '4556988346474097', '01/21', '918', '2018-12-29 18:04:39', '2018-12-29 18:04:39', NULL),
(277, 'Jedidiah Feil III', '786 Runolfsson Mountains Suite 120', 'Quincystad', 'American Express', '4485859779032486', '06/19', '793', '2018-12-29 18:04:39', '2018-12-29 18:04:39', NULL),
(278, 'Audra Langworth', '811 Earnestine Tunnel', 'Robelstad', 'Visa', '6011415084819485', '09/20', '984', '2018-12-29 18:04:39', '2018-12-29 18:04:39', NULL),
(279, 'Prof. Jacquelyn Pollich II', '9684 Cassin Manors Apt. 516', 'South Michealtown', 'Visa', '2374806801536586', '10/21', '839', '2018-12-29 18:04:39', '2018-12-29 18:04:39', NULL),
(280, 'Kaia Bayer', '711 Rosenbaum Inlet Apt. 445', 'East Karenshire', 'Visa Retired', '4929191382085196', '04/19', '269', '2018-12-29 18:04:39', '2018-12-29 18:04:39', NULL),
(281, 'Javonte Wintheiser', '43585 Kunde Station', 'West Denis', 'Discover Card', '5591942817847053', '05/19', '990', '2018-12-29 18:04:39', '2018-12-29 18:04:39', NULL),
(282, 'Antoinette Prosacco', '371 Shane Bridge Suite 096', 'East Ramonatown', 'Visa', '4916896489576161', '08/21', '244', '2018-12-29 18:04:39', '2018-12-29 18:04:39', NULL),
(283, 'Dr. Dell Flatley', '942 Jacobson Throughway', 'North Evan', 'Visa', '4788542009258147', '01/19', '177', '2018-12-29 18:04:39', '2018-12-29 18:04:39', NULL),
(284, 'Prof. Seamus Farrell', '60669 Gleason Bridge Apt. 952', 'Schummberg', 'MasterCard', '4539126020805664', '06/21', '298', '2018-12-29 18:04:39', '2018-12-29 18:04:39', NULL),
(285, 'Henri Padberg', '9827 Runolfsson Harbors Suite 109', 'West Colten', 'Visa Retired', '2538978350186262', '11/19', '461', '2018-12-29 18:04:39', '2018-12-29 18:04:39', NULL),
(286, 'Althea Pouros', '8135 Collins Tunnel Apt. 705', 'Heathcoteshire', 'Visa', '5451785058741330', '02/21', '198', '2018-12-29 18:04:39', '2018-12-29 18:04:39', NULL),
(287, 'Arvid Mayer', '20417 Khalil Mission', 'Simonisfurt', 'Discover Card', '5395379032877854', '03/19', '753', '2018-12-29 18:04:39', '2018-12-29 18:04:39', NULL),
(288, 'Mr. Baylee Hilpert III', '3185 Bernier Flats Suite 894', 'Taraview', 'MasterCard', '2629414802013383', '08/21', '725', '2018-12-29 18:04:39', '2018-12-29 18:04:39', NULL),
(289, 'Ms. Jenifer Labadie DVM', '83063 Schneider Court Apt. 600', 'North Bernadine', 'Visa', '5235240526437015', '12/19', '688', '2018-12-29 18:04:39', '2018-12-29 18:04:39', NULL),
(290, 'Reyes Daniel', '8293 Mohr Forge Apt. 279', 'Binsstad', 'Visa Retired', '4532212359464245', '08/19', '936', '2018-12-29 18:04:39', '2018-12-29 18:04:39', NULL),
(291, 'Mrs. Mina Padberg Jr.', '37611 Neoma Ridges Apt. 078', 'West Malvina', 'Visa', '5269093894030030', '08/19', '633', '2018-12-29 18:04:39', '2018-12-29 18:04:39', NULL),
(292, 'Justen Sauer', '6364 Rahul Neck Apt. 658', 'South Matt', 'MasterCard', '4716110748647132', '02/19', '470', '2018-12-29 18:04:39', '2018-12-29 18:04:39', NULL),
(293, 'Rosario Herzog', '8582 Frami Place', 'West Daniella', 'American Express', '5106629038822076', '09/20', '226', '2018-12-29 18:04:39', '2018-12-29 18:04:39', NULL),
(294, 'Nettie Jaskolski', '60837 Dustin Coves', 'Brownmouth', 'Visa', '5319789432080219', '01/20', '850', '2018-12-29 18:04:39', '2018-12-29 18:04:39', NULL),
(295, 'Susan Lang', '7335 Paris Underpass', 'Leuschkeland', 'Visa', '5393456467361513', '06/19', '336', '2018-12-29 18:04:39', '2018-12-29 18:04:39', NULL),
(296, 'Adan Langworth II', '910 Madilyn Loaf Suite 656', 'Millermouth', 'Visa', '4556618967739276', '02/19', '342', '2018-12-29 18:04:39', '2018-12-29 18:04:39', NULL);
INSERT INTO `customers` (`id`, `nombre`, `direccion`, `ciudad`, `tarjeta_tipo`, `tarjeta_num`, `tarjeta_exp`, `tarjeta_ccv`, `created_at`, `updated_at`, `deleted_at`) VALUES
(297, 'Blair Klocko DDS', '4739 Mariam Center Apt. 565', 'West Jarredshire', 'Visa', '4556915522498830', '09/19', '659', '2018-12-29 18:04:39', '2018-12-29 18:04:39', NULL),
(298, 'Prof. Steve Douglas', '1067 Sandy Mountains', 'Jamaaltown', 'Visa Retired', '6011775788068097', '12/19', '723', '2018-12-29 18:04:39', '2018-12-29 18:04:39', NULL),
(299, 'Onie Welch Jr.', '4478 Greenholt Road', 'North Malinda', 'MasterCard', '4298451345157', '04/20', '310', '2018-12-29 18:04:39', '2018-12-29 18:04:39', NULL),
(300, 'Rhiannon Carroll', '2897 Noble Courts Apt. 900', 'Port Weston', 'MasterCard', '4716655364315505', '06/21', '919', '2018-12-29 18:04:39', '2018-12-29 18:04:39', NULL);

-- --------------------------------------------------------

--
-- Estructura de tabla para la tabla `customer_tour`
--

CREATE TABLE `customer_tour` (
  `id` int(10) UNSIGNED NOT NULL,
  `customer_id` int(10) UNSIGNED NOT NULL,
  `tour_id` int(10) UNSIGNED NOT NULL
) ENGINE=InnoDB DEFAULT CHARSET=utf8mb4 COLLATE=utf8mb4_unicode_ci;

--
-- Volcado de datos para la tabla `customer_tour`
--

INSERT INTO `customer_tour` (`id`, `customer_id`, `tour_id`) VALUES
(39, 13, 2),
(40, 23, 2),
(41, 34, 2),
(42, 85, 2),
(43, 98, 2),
(44, 128, 2),
(45, 130, 2),
(46, 145, 2),
(47, 146, 2),
(48, 162, 2),
(49, 182, 2),
(50, 225, 2),
(51, 236, 2),
(52, 245, 2),
(53, 280, 2),
(54, 296, 2),
(55, 299, 2),
(56, 6, 3),
(57, 13, 3),
(58, 19, 3),
(59, 31, 3),
(60, 42, 3),
(61, 63, 3),
(62, 92, 3),
(63, 93, 3),
(64, 97, 3),
(65, 99, 3),
(66, 102, 3),
(67, 103, 3),
(68, 122, 3),
(69, 126, 3),
(70, 134, 3),
(71, 136, 3),
(72, 140, 3),
(73, 154, 3),
(74, 158, 3),
(75, 166, 3),
(76, 173, 3),
(77, 186, 3),
(78, 203, 3),
(79, 207, 3),
(80, 210, 3),
(81, 223, 3),
(82, 234, 3),
(83, 238, 3),
(84, 240, 3),
(85, 243, 3),
(86, 258, 3),
(87, 274, 3),
(88, 278, 3),
(89, 285, 3),
(90, 286, 3),
(91, 297, 3),
(92, 18, 4),
(93, 107, 4),
(94, 118, 4),
(95, 143, 4),
(96, 149, 4),
(97, 164, 4),
(98, 173, 4),
(99, 176, 4),
(100, 177, 4),
(101, 183, 4),
(102, 222, 4),
(103, 226, 4),
(104, 231, 4),
(105, 247, 4),
(106, 262, 4),
(107, 1, 5),
(108, 4, 5),
(109, 17, 5),
(110, 29, 5),
(111, 43, 5),
(112, 44, 5),
(113, 46, 5),
(114, 83, 5),
(115, 88, 5),
(116, 107, 5),
(117, 131, 5),
(118, 134, 5),
(119, 154, 5),
(120, 159, 5),
(121, 165, 5),
(122, 186, 5),
(123, 204, 5),
(124, 206, 5),
(125, 212, 5),
(126, 223, 5),
(127, 236, 5),
(128, 237, 5),
(129, 245, 5),
(130, 252, 5),
(131, 267, 5),
(132, 272, 5),
(133, 276, 5),
(134, 277, 5),
(135, 300, 5),
(136, 2, 6),
(137, 25, 6),
(138, 63, 6),
(139, 88, 6),
(140, 139, 6),
(141, 143, 6),
(142, 214, 6),
(143, 229, 6),
(144, 250, 6),
(145, 300, 6),
(146, 3, 7),
(147, 30, 7),
(148, 31, 7),
(149, 45, 7),
(150, 102, 7),
(151, 114, 7),
(152, 115, 7),
(153, 120, 7),
(154, 128, 7),
(155, 143, 7),
(156, 144, 7),
(157, 158, 7),
(158, 182, 7),
(159, 197, 7),
(160, 199, 7),
(161, 209, 7),
(162, 211, 7),
(163, 229, 7),
(164, 230, 7),
(165, 235, 7),
(166, 240, 7),
(167, 252, 7),
(168, 253, 7),
(169, 255, 7),
(170, 260, 7),
(171, 277, 7),
(172, 280, 7),
(173, 293, 7),
(174, 10, 8),
(175, 33, 8),
(176, 39, 8),
(177, 67, 8),
(178, 82, 8),
(179, 92, 8),
(180, 94, 8),
(181, 135, 8),
(182, 168, 8),
(183, 185, 8),
(184, 192, 8),
(185, 213, 8),
(186, 218, 8),
(187, 227, 8),
(188, 237, 8),
(189, 276, 8),
(190, 13, 9),
(191, 18, 9),
(192, 21, 9),
(193, 25, 9),
(194, 32, 9),
(195, 35, 9),
(196, 75, 9),
(197, 110, 9),
(198, 127, 9),
(199, 145, 9),
(200, 164, 9),
(201, 165, 9),
(202, 195, 9),
(203, 266, 9),
(204, 272, 9),
(205, 273, 9),
(206, 283, 9),
(207, 16, 10),
(208, 30, 10),
(209, 33, 10),
(210, 51, 10),
(211, 53, 10),
(212, 60, 10),
(213, 86, 10),
(214, 91, 10),
(215, 96, 10),
(216, 111, 10),
(217, 137, 10),
(218, 188, 10),
(219, 206, 10),
(220, 279, 10),
(221, 296, 10),
(222, 28, 11),
(223, 35, 11),
(224, 40, 11),
(225, 60, 11),
(226, 61, 11),
(227, 68, 11),
(228, 73, 11),
(229, 85, 11),
(230, 94, 11),
(231, 181, 11),
(232, 230, 11),
(233, 232, 11),
(234, 260, 11),
(235, 33, 12),
(236, 67, 12),
(237, 89, 12),
(238, 122, 12),
(239, 127, 12),
(240, 141, 12),
(241, 147, 12),
(242, 151, 12),
(243, 183, 12),
(244, 222, 12),
(245, 228, 12),
(246, 267, 12),
(247, 268, 12),
(248, 281, 12),
(249, 282, 12),
(250, 285, 12),
(251, 292, 12),
(252, 6, 13),
(253, 7, 13),
(254, 20, 13),
(255, 36, 13),
(256, 42, 13),
(257, 48, 13),
(258, 58, 13),
(259, 69, 13),
(260, 82, 13),
(261, 87, 13),
(262, 88, 13),
(263, 101, 13),
(264, 137, 13),
(265, 138, 13),
(266, 150, 13),
(267, 154, 13),
(268, 157, 13),
(269, 177, 13),
(270, 181, 13),
(271, 201, 13),
(272, 221, 13),
(273, 225, 13),
(274, 241, 13),
(275, 272, 13),
(276, 63, 14),
(277, 74, 14),
(278, 112, 14),
(279, 129, 14),
(280, 132, 14),
(281, 133, 14),
(282, 136, 14),
(283, 154, 14),
(284, 166, 14),
(285, 190, 14),
(286, 193, 14),
(287, 206, 14),
(288, 223, 14),
(289, 235, 14),
(290, 236, 14),
(291, 240, 14),
(292, 255, 14),
(293, 267, 14),
(294, 275, 14),
(295, 295, 14),
(296, 8, 15),
(297, 18, 15),
(298, 29, 15),
(299, 31, 15),
(300, 49, 15),
(301, 85, 15),
(302, 113, 15),
(303, 118, 15),
(304, 120, 15),
(305, 140, 15),
(306, 142, 15),
(307, 143, 15),
(308, 146, 15),
(309, 152, 15),
(310, 159, 15),
(311, 174, 15),
(312, 183, 15),
(313, 184, 15),
(314, 193, 15),
(315, 197, 15),
(316, 210, 15),
(317, 213, 15),
(318, 226, 15),
(319, 241, 15),
(320, 248, 15),
(321, 250, 15),
(322, 256, 15),
(323, 261, 15),
(324, 269, 15),
(325, 273, 15),
(326, 286, 15),
(327, 8, 16),
(328, 37, 16),
(329, 39, 16),
(330, 43, 16),
(331, 46, 16),
(332, 63, 16),
(333, 65, 16),
(334, 85, 16),
(335, 123, 16),
(336, 124, 16),
(337, 125, 16),
(338, 130, 16),
(339, 135, 16),
(340, 139, 16),
(341, 147, 16),
(342, 153, 16),
(343, 156, 16),
(344, 163, 16),
(345, 170, 16),
(346, 174, 16),
(347, 199, 16),
(348, 204, 16),
(349, 231, 16),
(350, 232, 16),
(351, 240, 16),
(352, 242, 16),
(353, 247, 16),
(354, 267, 16),
(355, 277, 16),
(356, 283, 16),
(357, 286, 16),
(358, 290, 16),
(359, 295, 16),
(360, 13, 17),
(361, 22, 17),
(362, 32, 17),
(363, 38, 17),
(364, 53, 17),
(365, 60, 17),
(366, 61, 17),
(367, 72, 17),
(368, 109, 17),
(369, 114, 17),
(370, 128, 17),
(371, 140, 17),
(372, 168, 17),
(373, 224, 17),
(374, 236, 17),
(375, 241, 17),
(376, 248, 17),
(377, 249, 17),
(378, 250, 17),
(379, 260, 17),
(380, 299, 17),
(381, 15, 18),
(382, 44, 18),
(383, 73, 18),
(384, 78, 18),
(385, 84, 18),
(386, 85, 18),
(387, 106, 18),
(388, 113, 18),
(389, 114, 18),
(390, 116, 18),
(391, 122, 18),
(392, 123, 18),
(393, 157, 18),
(394, 172, 18),
(395, 173, 18),
(396, 187, 18),
(397, 194, 18),
(398, 210, 18),
(399, 213, 18),
(400, 251, 18),
(401, 98, 19),
(402, 106, 19),
(403, 134, 19),
(404, 141, 19),
(405, 143, 19),
(406, 152, 19),
(407, 184, 19),
(408, 189, 19),
(409, 200, 19),
(410, 211, 19),
(411, 218, 19),
(412, 236, 19),
(413, 248, 19),
(414, 264, 19),
(415, 270, 19),
(416, 272, 19),
(417, 278, 19),
(418, 289, 19),
(419, 300, 19),
(420, 11, 20),
(421, 18, 20),
(422, 20, 20),
(423, 21, 20),
(424, 36, 20),
(425, 44, 20),
(426, 52, 20),
(427, 56, 20),
(428, 57, 20),
(429, 65, 20),
(430, 76, 20),
(431, 82, 20),
(432, 85, 20),
(433, 92, 20),
(434, 100, 20),
(435, 104, 20),
(436, 108, 20),
(437, 112, 20),
(438, 120, 20),
(439, 121, 20),
(440, 124, 20),
(441, 128, 20),
(442, 130, 20),
(443, 131, 20),
(444, 139, 20),
(445, 146, 20),
(446, 156, 20),
(447, 178, 20),
(448, 191, 20),
(449, 211, 20),
(450, 216, 20),
(451, 230, 20),
(452, 260, 20),
(453, 268, 20),
(454, 278, 20),
(455, 286, 20),
(456, 289, 20),
(457, 293, 20),
(458, 294, 20),
(459, 5, 21),
(460, 8, 21),
(461, 16, 21),
(462, 27, 21),
(463, 50, 21),
(464, 73, 21),
(465, 86, 21),
(466, 94, 21),
(467, 95, 21),
(468, 137, 21),
(469, 142, 21),
(470, 146, 21),
(471, 147, 21),
(472, 152, 21),
(473, 153, 21),
(474, 159, 21),
(475, 171, 21),
(476, 176, 21),
(477, 185, 21),
(478, 186, 21),
(479, 203, 21),
(480, 213, 21),
(481, 225, 21),
(482, 228, 21),
(483, 233, 21),
(484, 249, 21),
(485, 252, 21),
(486, 262, 21),
(487, 278, 21),
(488, 289, 21),
(489, 295, 21),
(490, 14, 22),
(491, 29, 22),
(492, 34, 22),
(493, 46, 22),
(494, 56, 22),
(495, 58, 22),
(496, 75, 22),
(497, 81, 22),
(498, 84, 22),
(499, 89, 22),
(500, 99, 22),
(501, 101, 22),
(502, 103, 22),
(503, 109, 22),
(504, 120, 22),
(505, 122, 22),
(506, 125, 22),
(507, 132, 22),
(508, 135, 22),
(509, 152, 22),
(510, 158, 22),
(511, 159, 22),
(512, 172, 22),
(513, 181, 22),
(514, 195, 22),
(515, 199, 22),
(516, 202, 22),
(517, 205, 22),
(518, 206, 22),
(519, 209, 22),
(520, 215, 22),
(521, 221, 22),
(522, 226, 22),
(523, 266, 22),
(524, 270, 22),
(525, 286, 22),
(526, 29, 23),
(527, 45, 23),
(528, 47, 23),
(529, 104, 23),
(530, 111, 23),
(531, 115, 23),
(532, 118, 23),
(533, 130, 23),
(534, 133, 23),
(535, 139, 23),
(536, 144, 23),
(537, 146, 23),
(538, 149, 23),
(539, 169, 23),
(540, 181, 23),
(541, 200, 23),
(542, 219, 23),
(543, 286, 23),
(544, 299, 23),
(545, 6, 24),
(546, 28, 24),
(547, 34, 24),
(548, 61, 24),
(549, 64, 24),
(550, 102, 24),
(551, 113, 24),
(552, 117, 24),
(553, 130, 24),
(554, 134, 24),
(555, 155, 24),
(556, 193, 24),
(557, 197, 24),
(558, 223, 24),
(559, 235, 24),
(560, 246, 24),
(561, 269, 24),
(562, 281, 24),
(563, 45, 25),
(564, 54, 25),
(565, 72, 25),
(566, 96, 25),
(567, 144, 25),
(568, 183, 25),
(569, 190, 25),
(570, 213, 25),
(571, 220, 25),
(572, 229, 25),
(573, 244, 25),
(574, 269, 25),
(575, 7, 26),
(576, 15, 26),
(577, 18, 26),
(578, 29, 26),
(579, 38, 26),
(580, 50, 26),
(581, 54, 26),
(582, 104, 26),
(583, 106, 26),
(584, 123, 26),
(585, 132, 26),
(586, 137, 26),
(587, 141, 26),
(588, 147, 26),
(589, 148, 26),
(590, 149, 26),
(591, 161, 26),
(592, 174, 26),
(593, 181, 26),
(594, 186, 26),
(595, 192, 26),
(596, 212, 26),
(597, 218, 26),
(598, 226, 26),
(599, 244, 26),
(600, 252, 26),
(601, 257, 26),
(602, 278, 26),
(603, 3, 27),
(604, 14, 27),
(605, 21, 27),
(606, 22, 27),
(607, 27, 27),
(608, 41, 27),
(609, 49, 27),
(610, 50, 27),
(611, 51, 27),
(612, 58, 27),
(613, 61, 27),
(614, 101, 27),
(615, 103, 27),
(616, 107, 27),
(617, 111, 27),
(618, 124, 27),
(619, 125, 27),
(620, 137, 27),
(621, 143, 27),
(622, 153, 27),
(623, 154, 27),
(624, 157, 27),
(625, 160, 27),
(626, 164, 27),
(627, 168, 27),
(628, 172, 27),
(629, 178, 27),
(630, 184, 27),
(631, 189, 27),
(632, 200, 27),
(633, 205, 27),
(634, 208, 27),
(635, 211, 27),
(636, 239, 27),
(637, 247, 27),
(638, 254, 27),
(639, 265, 27),
(640, 268, 27),
(641, 273, 27),
(642, 4, 28),
(643, 34, 28),
(644, 36, 28),
(645, 48, 28),
(646, 70, 28),
(647, 92, 28),
(648, 97, 28),
(649, 130, 28),
(650, 137, 28),
(651, 144, 28),
(652, 209, 28),
(653, 214, 28),
(654, 264, 28),
(655, 281, 28),
(656, 287, 28),
(657, 39, 29),
(658, 64, 29),
(659, 77, 29),
(660, 86, 29),
(661, 91, 29),
(662, 139, 29),
(663, 148, 29),
(664, 154, 29),
(665, 202, 29),
(666, 205, 29),
(667, 216, 29),
(668, 224, 29),
(669, 228, 29),
(670, 230, 29),
(671, 240, 29),
(672, 246, 29),
(673, 264, 29),
(674, 265, 29),
(675, 278, 29),
(676, 291, 29),
(677, 292, 29),
(678, 8, 30),
(679, 59, 30),
(680, 60, 30),
(681, 63, 30),
(682, 89, 30),
(683, 90, 30),
(684, 107, 30),
(685, 145, 30),
(686, 150, 30),
(687, 153, 30),
(688, 174, 30),
(689, 176, 30),
(690, 203, 30),
(691, 204, 30),
(692, 210, 30),
(693, 217, 30),
(694, 276, 30),
(695, 289, 30),
(696, 290, 30),
(697, 295, 30),
(698, 297, 30),
(699, 35, 31),
(700, 66, 31),
(701, 68, 31),
(702, 98, 31),
(703, 111, 31),
(704, 145, 31),
(705, 164, 31),
(706, 175, 31),
(707, 178, 31),
(708, 181, 31),
(709, 183, 31),
(710, 193, 31),
(711, 194, 31),
(712, 197, 31),
(713, 200, 31),
(714, 219, 31),
(715, 245, 31),
(716, 265, 31),
(717, 268, 31),
(718, 296, 31),
(719, 37, 32),
(720, 58, 32),
(721, 77, 32),
(722, 92, 32),
(723, 110, 32),
(724, 116, 32),
(725, 132, 32),
(726, 140, 32),
(727, 148, 32),
(728, 151, 32),
(729, 176, 32),
(730, 225, 32),
(731, 237, 32),
(732, 254, 32),
(733, 296, 32),
(734, 1, 33),
(735, 6, 33),
(736, 21, 33),
(737, 34, 33),
(738, 39, 33),
(739, 51, 33),
(740, 60, 33),
(741, 66, 33),
(742, 71, 33),
(743, 78, 33),
(744, 94, 33),
(745, 121, 33),
(746, 128, 33),
(747, 138, 33),
(748, 152, 33),
(749, 166, 33),
(750, 173, 33),
(751, 186, 33),
(752, 188, 33),
(753, 214, 33),
(754, 225, 33),
(755, 230, 33),
(756, 233, 33),
(757, 235, 33),
(758, 240, 33),
(759, 243, 33),
(760, 259, 33),
(761, 261, 33),
(762, 287, 33),
(763, 293, 33),
(764, 298, 33),
(765, 19, 34),
(766, 34, 34),
(767, 44, 34),
(768, 77, 34),
(769, 86, 34),
(770, 90, 34),
(771, 102, 34),
(772, 145, 34),
(773, 149, 34),
(774, 163, 34),
(775, 240, 34),
(776, 256, 34),
(777, 266, 34),
(778, 285, 34),
(779, 9, 35),
(780, 23, 35),
(781, 42, 35),
(782, 44, 35),
(783, 49, 35),
(784, 65, 35),
(785, 74, 35),
(786, 86, 35),
(787, 87, 35),
(788, 88, 35),
(789, 92, 35),
(790, 97, 35),
(791, 103, 35),
(792, 107, 35),
(793, 118, 35),
(794, 136, 35),
(795, 145, 35),
(796, 149, 35),
(797, 157, 35),
(798, 162, 35),
(799, 171, 35),
(800, 174, 35),
(801, 190, 35),
(802, 199, 35),
(803, 201, 35),
(804, 207, 35),
(805, 208, 35),
(806, 211, 35),
(807, 215, 35),
(808, 222, 35),
(809, 223, 35),
(810, 228, 35),
(811, 237, 35),
(812, 239, 35),
(813, 241, 35),
(814, 251, 35),
(815, 260, 35),
(816, 263, 35),
(817, 272, 35),
(818, 282, 35),
(819, 36, 36),
(820, 38, 36),
(821, 55, 36),
(822, 69, 36),
(823, 87, 36),
(824, 100, 36),
(825, 108, 36),
(826, 111, 36),
(827, 201, 36),
(828, 215, 36),
(829, 216, 36),
(830, 228, 36),
(831, 231, 36),
(832, 240, 36),
(833, 253, 36),
(834, 266, 36),
(835, 274, 36),
(836, 283, 36),
(837, 5, 37),
(838, 13, 37),
(839, 18, 37),
(840, 36, 37),
(841, 43, 37),
(842, 47, 37),
(843, 48, 37),
(844, 60, 37),
(845, 65, 37),
(846, 77, 37),
(847, 79, 37),
(848, 93, 37),
(849, 94, 37),
(850, 97, 37),
(851, 100, 37),
(852, 120, 37),
(853, 131, 37),
(854, 139, 37),
(855, 146, 37),
(856, 147, 37),
(857, 149, 37),
(858, 151, 37),
(859, 172, 37),
(860, 214, 37),
(861, 215, 37),
(862, 222, 37),
(863, 231, 37),
(864, 241, 37),
(865, 247, 37),
(866, 266, 37),
(867, 270, 37),
(868, 283, 37),
(869, 287, 37),
(870, 6, 38),
(871, 21, 38),
(872, 28, 38),
(873, 33, 38),
(874, 51, 38),
(875, 66, 38),
(876, 105, 38),
(877, 120, 38),
(878, 126, 38),
(879, 146, 38),
(880, 167, 38),
(881, 199, 38),
(882, 221, 38),
(883, 247, 38),
(884, 272, 38),
(885, 284, 38),
(886, 288, 38),
(887, 11, 39),
(888, 14, 39),
(889, 27, 39),
(890, 33, 39),
(891, 48, 39),
(892, 61, 39),
(893, 93, 39),
(894, 94, 39),
(895, 132, 39),
(896, 151, 39),
(897, 179, 39),
(898, 248, 39),
(899, 251, 39),
(900, 279, 39),
(901, 2, 40),
(902, 18, 40),
(903, 24, 40),
(904, 26, 40),
(905, 42, 40),
(906, 47, 40),
(907, 64, 40),
(908, 67, 40),
(909, 81, 40),
(910, 106, 40),
(911, 117, 40),
(912, 132, 40),
(913, 142, 40),
(914, 143, 40),
(915, 145, 40),
(916, 162, 40),
(917, 166, 40),
(918, 167, 40),
(919, 170, 40),
(920, 183, 40),
(921, 201, 40),
(922, 209, 40),
(923, 217, 40),
(924, 232, 40),
(925, 237, 40),
(926, 244, 40),
(927, 247, 40),
(928, 251, 40),
(929, 270, 40),
(930, 274, 40),
(931, 284, 40),
(932, 294, 40),
(933, 298, 40),
(934, 1, 41),
(935, 4, 41),
(936, 21, 41),
(937, 24, 41),
(938, 35, 41),
(939, 36, 41),
(940, 66, 41),
(941, 68, 41),
(942, 70, 41),
(943, 81, 41),
(944, 85, 41),
(945, 103, 41),
(946, 110, 41),
(947, 117, 41),
(948, 130, 41),
(949, 137, 41),
(950, 140, 41),
(951, 143, 41),
(952, 147, 41),
(953, 150, 41),
(954, 155, 41),
(955, 163, 41),
(956, 166, 41),
(957, 175, 41),
(958, 179, 41),
(959, 208, 41),
(960, 212, 41),
(961, 213, 41),
(962, 228, 41),
(963, 231, 41),
(964, 236, 41),
(965, 244, 41),
(966, 253, 41),
(967, 263, 41),
(968, 274, 41),
(969, 275, 41),
(970, 292, 41),
(971, 1, 42),
(972, 15, 42),
(973, 17, 42),
(974, 18, 42),
(975, 29, 42),
(976, 34, 42),
(977, 58, 42),
(978, 89, 42),
(979, 110, 42),
(980, 112, 42),
(981, 127, 42),
(982, 138, 42),
(983, 172, 42),
(984, 201, 42),
(985, 205, 42),
(986, 223, 42),
(987, 248, 42),
(988, 278, 42),
(989, 296, 42),
(990, 11, 43),
(991, 20, 43),
(992, 30, 43),
(993, 42, 43),
(994, 87, 43),
(995, 129, 43),
(996, 183, 43),
(997, 293, 43),
(998, 295, 43),
(999, 298, 43),
(1000, 1, 44),
(1001, 17, 44),
(1002, 24, 44),
(1003, 40, 44),
(1004, 55, 44),
(1005, 58, 44),
(1006, 84, 44),
(1007, 115, 44),
(1008, 122, 44),
(1009, 130, 44),
(1010, 159, 44),
(1011, 161, 44),
(1012, 174, 44),
(1013, 187, 44),
(1014, 193, 44),
(1015, 195, 44),
(1016, 198, 44),
(1017, 199, 44),
(1018, 216, 44),
(1019, 240, 44),
(1020, 244, 44),
(1021, 287, 44),
(1022, 291, 44),
(1023, 292, 44),
(1024, 12, 45),
(1025, 19, 45),
(1026, 21, 45),
(1027, 22, 45),
(1028, 44, 45),
(1029, 48, 45),
(1030, 52, 45),
(1031, 59, 45),
(1032, 73, 45),
(1033, 93, 45),
(1034, 136, 45),
(1035, 139, 45),
(1036, 143, 45),
(1037, 168, 45),
(1038, 188, 45),
(1039, 194, 45),
(1040, 195, 45),
(1041, 219, 45),
(1042, 1, 46),
(1043, 11, 46),
(1044, 15, 46),
(1045, 47, 46),
(1046, 53, 46),
(1047, 62, 46),
(1048, 69, 46),
(1049, 72, 46),
(1050, 82, 46),
(1051, 89, 46),
(1052, 91, 46),
(1053, 101, 46),
(1054, 110, 46),
(1055, 131, 46),
(1056, 140, 46),
(1057, 145, 46),
(1058, 147, 46),
(1059, 149, 46),
(1060, 162, 46),
(1061, 165, 46),
(1062, 176, 46),
(1063, 179, 46),
(1064, 192, 46),
(1065, 198, 46),
(1066, 206, 46),
(1067, 219, 46),
(1068, 228, 46),
(1069, 230, 46),
(1070, 234, 46),
(1071, 239, 46),
(1072, 248, 46),
(1073, 249, 46),
(1074, 258, 46),
(1075, 259, 46),
(1076, 266, 46),
(1077, 272, 46),
(1078, 277, 46),
(1079, 288, 46),
(1080, 292, 46),
(1081, 34, 47),
(1082, 37, 47),
(1083, 38, 47),
(1084, 57, 47),
(1085, 59, 47),
(1086, 63, 47),
(1087, 65, 47),
(1088, 75, 47),
(1089, 93, 47),
(1090, 95, 47),
(1091, 132, 47),
(1092, 135, 47),
(1093, 182, 47),
(1094, 190, 47),
(1095, 210, 47),
(1096, 223, 47),
(1097, 237, 47),
(1098, 257, 47),
(1099, 258, 47),
(1100, 262, 47),
(1101, 267, 47),
(1102, 10, 48),
(1103, 36, 48),
(1104, 48, 48),
(1105, 49, 48),
(1106, 50, 48),
(1107, 60, 48),
(1108, 68, 48),
(1109, 70, 48),
(1110, 71, 48),
(1111, 76, 48),
(1112, 78, 48),
(1113, 83, 48),
(1114, 85, 48),
(1115, 94, 48),
(1116, 98, 48),
(1117, 100, 48),
(1118, 126, 48),
(1119, 131, 48),
(1120, 145, 48),
(1121, 146, 48),
(1122, 149, 48),
(1123, 150, 48),
(1124, 180, 48),
(1125, 205, 48),
(1126, 207, 48),
(1127, 209, 48),
(1128, 223, 48),
(1129, 225, 48),
(1130, 229, 48),
(1131, 239, 48),
(1132, 240, 48),
(1133, 251, 48),
(1134, 261, 48),
(1135, 277, 48),
(1136, 278, 48),
(1137, 297, 48),
(1138, 298, 48),
(1139, 300, 48),
(1140, 23, 49),
(1141, 24, 49),
(1142, 28, 49),
(1143, 40, 49),
(1144, 41, 49),
(1145, 45, 49),
(1146, 57, 49),
(1147, 73, 49),
(1148, 101, 49),
(1149, 106, 49),
(1150, 128, 49),
(1151, 151, 49),
(1152, 172, 49),
(1153, 192, 49),
(1154, 200, 49),
(1155, 222, 49),
(1156, 230, 49),
(1157, 243, 49),
(1158, 260, 49),
(1159, 291, 49),
(1160, 294, 49),
(1161, 15, 50),
(1162, 18, 50),
(1163, 21, 50),
(1164, 24, 50),
(1165, 33, 50),
(1166, 42, 50),
(1167, 51, 50),
(1168, 81, 50),
(1169, 87, 50),
(1170, 90, 50),
(1171, 94, 50),
(1172, 103, 50),
(1173, 115, 50),
(1174, 124, 50),
(1175, 125, 50),
(1176, 127, 50),
(1177, 128, 50),
(1178, 135, 50),
(1179, 147, 50),
(1180, 150, 50),
(1181, 158, 50),
(1182, 159, 50),
(1183, 166, 50),
(1184, 178, 50),
(1185, 191, 50),
(1186, 192, 50),
(1187, 199, 50),
(1188, 204, 50),
(1189, 211, 50),
(1190, 252, 50),
(1191, 261, 50),
(1192, 264, 50),
(1193, 269, 50),
(1194, 271, 50),
(1195, 276, 50),
(1196, 279, 50),
(1197, 290, 50),
(1198, 293, 50),
(1199, 298, 50),
(1200, 1, 51),
(1201, 12, 51),
(1202, 45, 51),
(1203, 67, 51),
(1204, 84, 51),
(1205, 199, 51),
(1206, 247, 51),
(1207, 251, 51),
(1208, 275, 51),
(1209, 279, 51),
(1210, 47, 52),
(1211, 58, 52),
(1212, 71, 52),
(1213, 89, 52),
(1214, 94, 52),
(1215, 119, 52),
(1216, 130, 52),
(1217, 138, 52),
(1218, 153, 52),
(1219, 192, 52),
(1220, 195, 52),
(1221, 228, 52),
(1222, 233, 52),
(1223, 236, 52),
(1224, 260, 52),
(1225, 272, 52),
(1226, 276, 52),
(1227, 277, 52),
(1228, 12, 53),
(1229, 21, 53),
(1230, 31, 53),
(1231, 51, 53),
(1232, 52, 53),
(1233, 60, 53),
(1234, 62, 53),
(1235, 68, 53),
(1236, 73, 53),
(1237, 124, 53),
(1238, 156, 53),
(1239, 170, 53),
(1240, 185, 53),
(1241, 189, 53),
(1242, 194, 53),
(1243, 199, 53),
(1244, 218, 53),
(1245, 225, 53),
(1246, 236, 53),
(1247, 288, 53),
(1248, 3, 54),
(1249, 7, 54),
(1250, 16, 54),
(1251, 23, 54),
(1252, 45, 54),
(1253, 48, 54),
(1254, 58, 54),
(1255, 59, 54),
(1256, 63, 54),
(1257, 68, 54),
(1258, 94, 54),
(1259, 112, 54),
(1260, 128, 54),
(1261, 148, 54),
(1262, 158, 54),
(1263, 162, 54),
(1264, 170, 54),
(1265, 181, 54),
(1266, 186, 54),
(1267, 195, 54),
(1268, 196, 54),
(1269, 203, 54),
(1270, 205, 54),
(1271, 230, 54),
(1272, 240, 54),
(1273, 242, 54),
(1274, 243, 54),
(1275, 252, 54),
(1276, 259, 54),
(1277, 267, 54),
(1278, 280, 54),
(1279, 284, 54),
(1280, 292, 54),
(1281, 18, 55),
(1282, 25, 55),
(1283, 36, 55),
(1284, 49, 55),
(1285, 50, 55),
(1286, 63, 55),
(1287, 64, 55),
(1288, 70, 55),
(1289, 99, 55),
(1290, 116, 55),
(1291, 147, 55),
(1292, 148, 55),
(1293, 164, 55),
(1294, 204, 55),
(1295, 208, 55),
(1296, 214, 55),
(1297, 233, 55),
(1298, 236, 55),
(1299, 272, 55),
(1300, 276, 55),
(1301, 298, 55),
(1302, 5, 56),
(1303, 8, 56),
(1304, 14, 56),
(1305, 16, 56),
(1306, 56, 56),
(1307, 58, 56),
(1308, 61, 56),
(1309, 74, 56),
(1310, 96, 56),
(1311, 102, 56),
(1312, 118, 56),
(1313, 130, 56),
(1314, 138, 56),
(1315, 142, 56),
(1316, 151, 56),
(1317, 158, 56),
(1318, 163, 56),
(1319, 170, 56),
(1320, 173, 56),
(1321, 181, 56),
(1322, 185, 56),
(1323, 209, 56),
(1324, 216, 56),
(1325, 248, 56),
(1326, 251, 56),
(1327, 253, 56),
(1328, 254, 56),
(1329, 258, 56),
(1330, 261, 56),
(1331, 265, 56),
(1332, 269, 56),
(1333, 274, 56),
(1334, 278, 56),
(1335, 280, 56),
(1336, 297, 56),
(1337, 298, 56),
(1338, 14, 57),
(1339, 24, 57),
(1340, 34, 57),
(1341, 36, 57),
(1342, 37, 57),
(1343, 46, 57),
(1344, 51, 57),
(1345, 55, 57),
(1346, 60, 57),
(1347, 68, 57),
(1348, 105, 57),
(1349, 116, 57),
(1350, 132, 57),
(1351, 142, 57),
(1352, 144, 57),
(1353, 150, 57),
(1354, 195, 57),
(1355, 196, 57),
(1356, 204, 57),
(1357, 209, 57),
(1358, 210, 57),
(1359, 216, 57),
(1360, 222, 57),
(1361, 241, 57),
(1362, 245, 57),
(1363, 282, 57),
(1364, 290, 57),
(1365, 1, 58),
(1366, 7, 58),
(1367, 24, 58),
(1368, 30, 58),
(1369, 60, 58),
(1370, 70, 58),
(1371, 83, 58),
(1372, 97, 58),
(1373, 98, 58),
(1374, 114, 58),
(1375, 119, 58),
(1376, 135, 58),
(1377, 146, 58),
(1378, 149, 58),
(1379, 160, 58),
(1380, 172, 58),
(1381, 176, 58),
(1382, 189, 58),
(1383, 207, 58),
(1384, 213, 58),
(1385, 224, 58),
(1386, 226, 58),
(1387, 229, 58),
(1388, 240, 58),
(1389, 252, 58),
(1390, 253, 58),
(1391, 261, 58),
(1392, 269, 58),
(1393, 270, 58),
(1394, 281, 58),
(1395, 282, 58),
(1396, 287, 58),
(1397, 7, 59),
(1398, 9, 59),
(1399, 31, 59),
(1400, 33, 59),
(1401, 38, 59),
(1402, 41, 59),
(1403, 51, 59),
(1404, 56, 59),
(1405, 58, 59),
(1406, 61, 59),
(1407, 64, 59),
(1408, 71, 59),
(1409, 80, 59),
(1410, 91, 59),
(1411, 104, 59),
(1412, 116, 59),
(1413, 120, 59),
(1414, 131, 59),
(1415, 138, 59),
(1416, 148, 59),
(1417, 150, 59),
(1418, 159, 59),
(1419, 164, 59),
(1420, 170, 59),
(1421, 175, 59),
(1422, 182, 59),
(1423, 185, 59),
(1424, 192, 59),
(1425, 205, 59),
(1426, 207, 59),
(1427, 222, 59),
(1428, 242, 59),
(1429, 245, 59),
(1430, 253, 59),
(1431, 256, 59),
(1432, 258, 59),
(1433, 268, 59),
(1434, 286, 59),
(1435, 287, 59),
(1436, 297, 59),
(1437, 13, 60),
(1438, 23, 60),
(1439, 24, 60),
(1440, 27, 60),
(1441, 46, 60),
(1442, 47, 60),
(1443, 56, 60),
(1444, 61, 60),
(1445, 77, 60),
(1446, 81, 60),
(1447, 85, 60),
(1448, 100, 60),
(1449, 109, 60),
(1450, 117, 60),
(1451, 119, 60),
(1452, 128, 60),
(1453, 137, 60),
(1454, 140, 60),
(1455, 155, 60),
(1456, 157, 60),
(1457, 170, 60),
(1458, 171, 60),
(1459, 172, 60),
(1460, 177, 60),
(1461, 180, 60),
(1462, 184, 60),
(1463, 185, 60),
(1464, 192, 60),
(1465, 204, 60),
(1466, 211, 60),
(1467, 215, 60),
(1468, 223, 60),
(1469, 226, 60),
(1470, 232, 60),
(1471, 256, 60),
(1472, 270, 60),
(1473, 273, 60),
(1474, 276, 60),
(1475, 7, 61),
(1476, 9, 61),
(1477, 23, 61),
(1478, 25, 61),
(1479, 27, 61),
(1480, 31, 61),
(1481, 52, 61),
(1482, 53, 61),
(1483, 56, 61),
(1484, 62, 61),
(1485, 71, 61),
(1486, 115, 61),
(1487, 119, 61),
(1488, 127, 61),
(1489, 129, 61),
(1490, 144, 61),
(1491, 151, 61),
(1492, 164, 61),
(1493, 176, 61),
(1494, 177, 61),
(1495, 181, 61),
(1496, 222, 61),
(1497, 231, 61),
(1498, 237, 61),
(1499, 251, 61),
(1500, 268, 61),
(1501, 273, 61),
(1502, 285, 61),
(1503, 290, 61),
(1504, 295, 61),
(1505, 4, 62),
(1506, 5, 62),
(1507, 11, 62),
(1508, 12, 62),
(1509, 13, 62),
(1510, 39, 62),
(1511, 50, 62),
(1512, 57, 62),
(1513, 64, 62),
(1514, 80, 62),
(1515, 84, 62),
(1516, 85, 62),
(1517, 112, 62),
(1518, 115, 62),
(1519, 118, 62),
(1520, 119, 62),
(1521, 127, 62),
(1522, 131, 62),
(1523, 133, 62),
(1524, 139, 62),
(1525, 141, 62),
(1526, 162, 62),
(1527, 163, 62),
(1528, 169, 62),
(1529, 173, 62),
(1530, 177, 62),
(1531, 187, 62),
(1532, 198, 62),
(1533, 218, 62),
(1534, 265, 62),
(1535, 271, 62),
(1536, 278, 62),
(1537, 286, 62),
(1538, 291, 62),
(1539, 294, 62),
(1540, 1, 63),
(1541, 4, 63),
(1542, 9, 63),
(1543, 12, 63),
(1544, 57, 63),
(1545, 79, 63),
(1546, 87, 63),
(1547, 95, 63),
(1548, 115, 63),
(1549, 127, 63),
(1550, 129, 63),
(1551, 135, 63),
(1552, 137, 63),
(1553, 140, 63),
(1554, 143, 63),
(1555, 157, 63),
(1556, 158, 63),
(1557, 160, 63),
(1558, 181, 63),
(1559, 186, 63),
(1560, 202, 63),
(1561, 203, 63),
(1562, 214, 63),
(1563, 221, 63),
(1564, 230, 63),
(1565, 234, 63),
(1566, 235, 63),
(1567, 241, 63),
(1568, 244, 63),
(1569, 249, 63),
(1570, 251, 63),
(1571, 253, 63),
(1572, 255, 63),
(1573, 261, 63),
(1574, 279, 63),
(1575, 297, 63),
(1576, 299, 63),
(1577, 14, 64),
(1578, 64, 64),
(1579, 67, 64),
(1580, 138, 64),
(1581, 155, 64),
(1582, 164, 64),
(1583, 185, 64),
(1584, 194, 64),
(1585, 221, 64),
(1586, 293, 64),
(1587, 3, 65),
(1588, 10, 65),
(1589, 12, 65),
(1590, 13, 65),
(1591, 17, 65),
(1592, 21, 65),
(1593, 28, 65),
(1594, 38, 65),
(1595, 40, 65),
(1596, 45, 65),
(1597, 62, 65),
(1598, 66, 65),
(1599, 73, 65),
(1600, 76, 65),
(1601, 83, 65),
(1602, 87, 65),
(1603, 89, 65),
(1604, 120, 65),
(1605, 127, 65),
(1606, 134, 65),
(1607, 150, 65),
(1608, 157, 65),
(1609, 165, 65),
(1610, 178, 65),
(1611, 184, 65),
(1612, 191, 65),
(1613, 201, 65),
(1614, 204, 65),
(1615, 238, 65),
(1616, 244, 65),
(1617, 245, 65),
(1618, 247, 65),
(1619, 266, 65),
(1620, 270, 65),
(1621, 293, 65),
(1622, 295, 65),
(1623, 297, 65),
(1624, 6, 66),
(1625, 11, 66),
(1626, 12, 66),
(1627, 17, 66),
(1628, 18, 66),
(1629, 36, 66),
(1630, 42, 66),
(1631, 45, 66),
(1632, 68, 66),
(1633, 69, 66),
(1634, 77, 66),
(1635, 82, 66),
(1636, 84, 66),
(1637, 107, 66),
(1638, 118, 66),
(1639, 121, 66),
(1640, 124, 66),
(1641, 130, 66),
(1642, 131, 66),
(1643, 138, 66),
(1644, 142, 66),
(1645, 154, 66),
(1646, 167, 66),
(1647, 187, 66),
(1648, 192, 66),
(1649, 197, 66),
(1650, 207, 66),
(1651, 209, 66),
(1652, 223, 66),
(1653, 227, 66),
(1654, 240, 66),
(1655, 245, 66),
(1656, 252, 66),
(1657, 254, 66),
(1658, 267, 66),
(1659, 274, 66),
(1660, 279, 66),
(1661, 290, 66),
(1662, 299, 66),
(1663, 1, 67),
(1664, 4, 67),
(1665, 10, 67),
(1666, 14, 67),
(1667, 15, 67),
(1668, 19, 67),
(1669, 26, 67),
(1670, 45, 67),
(1671, 46, 67),
(1672, 50, 67),
(1673, 70, 67),
(1674, 90, 67),
(1675, 92, 67),
(1676, 97, 67),
(1677, 104, 67),
(1678, 107, 67),
(1679, 122, 67),
(1680, 124, 67),
(1681, 131, 67),
(1682, 139, 67),
(1683, 142, 67),
(1684, 172, 67),
(1685, 195, 67),
(1686, 205, 67),
(1687, 210, 67),
(1688, 211, 67),
(1689, 215, 67),
(1690, 240, 67),
(1691, 246, 67),
(1692, 255, 67),
(1693, 262, 67),
(1694, 268, 67),
(1695, 273, 67),
(1696, 278, 67),
(1697, 289, 67),
(1698, 290, 67),
(1699, 33, 68),
(1700, 37, 68),
(1701, 38, 68),
(1702, 40, 68),
(1703, 41, 68),
(1704, 103, 68),
(1705, 153, 68),
(1706, 157, 68),
(1707, 164, 68),
(1708, 165, 68),
(1709, 253, 68),
(1710, 21, 69),
(1711, 46, 69),
(1712, 59, 69),
(1713, 135, 69),
(1714, 170, 69),
(1715, 176, 69),
(1716, 207, 69),
(1717, 223, 69),
(1718, 230, 69),
(1719, 235, 69),
(1720, 250, 69),
(1721, 254, 69),
(1722, 282, 69),
(1723, 287, 69),
(1724, 4, 70),
(1725, 24, 70),
(1726, 39, 70),
(1727, 48, 70),
(1728, 49, 70),
(1729, 74, 70),
(1730, 81, 70),
(1731, 90, 70),
(1732, 92, 70),
(1733, 93, 70),
(1734, 95, 70),
(1735, 111, 70),
(1736, 121, 70),
(1737, 137, 70),
(1738, 148, 70),
(1739, 150, 70),
(1740, 152, 70),
(1741, 153, 70),
(1742, 156, 70),
(1743, 164, 70),
(1744, 185, 70),
(1745, 204, 70),
(1746, 234, 70),
(1747, 255, 70),
(1748, 280, 70),
(1749, 283, 70),
(1750, 285, 70),
(1751, 290, 70),
(1752, 299, 70),
(1753, 6, 71),
(1754, 31, 71),
(1755, 42, 71),
(1756, 78, 71),
(1757, 101, 71),
(1758, 108, 71),
(1759, 140, 71),
(1760, 153, 71),
(1761, 243, 71),
(1762, 244, 71),
(1763, 258, 71),
(1764, 261, 71),
(1765, 263, 71),
(1766, 1, 72),
(1767, 7, 72),
(1768, 12, 72),
(1769, 41, 72),
(1770, 60, 72),
(1771, 81, 72),
(1772, 95, 72),
(1773, 102, 72),
(1774, 113, 72),
(1775, 118, 72),
(1776, 127, 72),
(1777, 131, 72),
(1778, 132, 72),
(1779, 141, 72),
(1780, 142, 72),
(1781, 160, 72),
(1782, 169, 72),
(1783, 178, 72),
(1784, 186, 72),
(1785, 197, 72),
(1786, 202, 72),
(1787, 203, 72),
(1788, 206, 72),
(1789, 210, 72),
(1790, 225, 72),
(1791, 245, 72),
(1792, 252, 72),
(1793, 262, 72),
(1794, 265, 72),
(1795, 268, 72),
(1796, 282, 72),
(1797, 288, 72),
(1798, 300, 72),
(1799, 15, 73),
(1800, 44, 73),
(1801, 77, 73),
(1802, 94, 73),
(1803, 98, 73),
(1804, 142, 73),
(1805, 161, 73),
(1806, 178, 73),
(1807, 182, 73),
(1808, 249, 73),
(1809, 260, 73),
(1810, 267, 73),
(1811, 295, 73),
(1812, 18, 74),
(1813, 30, 74),
(1814, 35, 74),
(1815, 40, 74),
(1816, 44, 74),
(1817, 66, 74),
(1818, 80, 74),
(1819, 81, 74),
(1820, 82, 74),
(1821, 90, 74),
(1822, 99, 74),
(1823, 106, 74),
(1824, 110, 74),
(1825, 150, 74),
(1826, 153, 74),
(1827, 164, 74),
(1828, 169, 74),
(1829, 170, 74),
(1830, 172, 74),
(1831, 174, 74),
(1832, 187, 74),
(1833, 188, 74),
(1834, 192, 74),
(1835, 196, 74),
(1836, 202, 74),
(1837, 232, 74),
(1838, 241, 74),
(1839, 259, 74),
(1840, 260, 74),
(1841, 298, 74),
(1842, 18, 75),
(1843, 47, 75),
(1844, 53, 75),
(1845, 62, 75),
(1846, 70, 75),
(1847, 98, 75),
(1848, 105, 75),
(1849, 112, 75),
(1850, 122, 75),
(1851, 129, 75),
(1852, 141, 75),
(1853, 148, 75),
(1854, 167, 75),
(1855, 181, 75),
(1856, 182, 75),
(1857, 202, 75),
(1858, 211, 75),
(1859, 225, 75),
(1860, 234, 75),
(1861, 256, 75),
(1862, 265, 75),
(1863, 268, 75),
(1864, 283, 75),
(1865, 18, 76),
(1866, 67, 76),
(1867, 87, 76),
(1868, 88, 76),
(1869, 96, 76),
(1870, 124, 76),
(1871, 152, 76),
(1872, 161, 76),
(1873, 197, 76),
(1874, 200, 76),
(1875, 241, 76),
(1876, 257, 76),
(1877, 265, 76),
(1878, 272, 76),
(1879, 289, 76),
(1880, 10, 77),
(1881, 38, 77),
(1882, 42, 77),
(1883, 52, 77),
(1884, 53, 77),
(1885, 61, 77),
(1886, 111, 77),
(1887, 127, 77),
(1888, 128, 77),
(1889, 131, 77),
(1890, 134, 77),
(1891, 167, 77),
(1892, 197, 77),
(1893, 207, 77),
(1894, 218, 77),
(1895, 226, 77),
(1896, 258, 77),
(1897, 274, 77),
(1898, 298, 77),
(1899, 22, 78),
(1900, 36, 78),
(1901, 39, 78),
(1902, 62, 78),
(1903, 124, 78),
(1904, 127, 78),
(1905, 145, 78),
(1906, 163, 78),
(1907, 179, 78),
(1908, 223, 78),
(1909, 233, 78),
(1910, 263, 78),
(1911, 274, 78),
(1912, 285, 78),
(1913, 292, 78),
(1914, 294, 78),
(1915, 299, 78),
(1916, 7, 79),
(1917, 59, 79),
(1918, 62, 79),
(1919, 68, 79),
(1920, 77, 79),
(1921, 87, 79),
(1922, 111, 79),
(1923, 112, 79),
(1924, 136, 79),
(1925, 143, 79),
(1926, 146, 79),
(1927, 167, 79),
(1928, 185, 79),
(1929, 188, 79),
(1930, 189, 79),
(1931, 195, 79),
(1932, 222, 79),
(1933, 226, 79),
(1934, 230, 79),
(1935, 242, 79),
(1936, 243, 79),
(1937, 249, 79),
(1938, 254, 79),
(1939, 258, 79),
(1940, 269, 79),
(1941, 273, 79),
(1942, 275, 79),
(1943, 295, 79),
(1944, 1, 80),
(1945, 3, 80),
(1946, 22, 80),
(1947, 26, 80),
(1948, 47, 80),
(1949, 59, 80),
(1950, 89, 80),
(1951, 98, 80),
(1952, 100, 80),
(1953, 103, 80),
(1954, 111, 80),
(1955, 130, 80),
(1956, 131, 80),
(1957, 138, 80),
(1958, 151, 80),
(1959, 164, 80),
(1960, 167, 80),
(1961, 235, 80),
(1962, 239, 80),
(1963, 240, 80),
(1964, 243, 80),
(1965, 251, 80),
(1966, 268, 80),
(1967, 270, 80),
(1968, 285, 80),
(1969, 4, 81),
(1970, 7, 81),
(1971, 8, 81),
(1972, 9, 81),
(1973, 24, 81),
(1974, 62, 81),
(1975, 128, 81),
(1976, 191, 81),
(1977, 196, 81),
(1978, 204, 81),
(1979, 210, 81),
(1980, 239, 81),
(1981, 277, 81),
(1982, 285, 81),
(1983, 295, 81),
(1984, 11, 82),
(1985, 21, 82),
(1986, 22, 82),
(1987, 37, 82),
(1988, 39, 82),
(1989, 58, 82),
(1990, 86, 82),
(1991, 88, 82),
(1992, 97, 82),
(1993, 98, 82),
(1994, 100, 82),
(1995, 108, 82),
(1996, 115, 82),
(1997, 120, 82),
(1998, 130, 82),
(1999, 132, 82),
(2000, 134, 82),
(2001, 140, 82),
(2002, 143, 82),
(2003, 146, 82),
(2004, 160, 82),
(2005, 161, 82),
(2006, 175, 82),
(2007, 185, 82),
(2008, 193, 82),
(2009, 202, 82),
(2010, 237, 82),
(2011, 250, 82),
(2012, 260, 82),
(2013, 291, 82),
(2014, 5, 83),
(2015, 7, 83),
(2016, 32, 83),
(2017, 33, 83),
(2018, 35, 83),
(2019, 40, 83),
(2020, 49, 83),
(2021, 54, 83),
(2022, 67, 83),
(2023, 70, 83),
(2024, 71, 83),
(2025, 85, 83),
(2026, 90, 83),
(2027, 97, 83),
(2028, 100, 83),
(2029, 113, 83),
(2030, 116, 83),
(2031, 117, 83),
(2032, 130, 83),
(2033, 134, 83),
(2034, 136, 83),
(2035, 152, 83),
(2036, 157, 83),
(2037, 164, 83),
(2038, 172, 83),
(2039, 181, 83),
(2040, 183, 83),
(2041, 202, 83),
(2042, 212, 83),
(2043, 229, 83),
(2044, 230, 83),
(2045, 235, 83),
(2046, 238, 83),
(2047, 245, 83),
(2048, 258, 83),
(2049, 291, 83),
(2050, 293, 83),
(2051, 2, 84),
(2052, 7, 84),
(2053, 14, 84),
(2054, 18, 84),
(2055, 23, 84),
(2056, 33, 84),
(2057, 35, 84),
(2058, 43, 84),
(2059, 59, 84),
(2060, 64, 84),
(2061, 68, 84),
(2062, 70, 84),
(2063, 108, 84),
(2064, 117, 84),
(2065, 119, 84),
(2066, 154, 84),
(2067, 156, 84),
(2068, 178, 84),
(2069, 183, 84),
(2070, 188, 84),
(2071, 192, 84),
(2072, 211, 84),
(2073, 212, 84),
(2074, 237, 84),
(2075, 242, 84),
(2076, 252, 84),
(2077, 257, 84),
(2078, 263, 84),
(2079, 276, 84),
(2080, 281, 84),
(2081, 289, 84),
(2082, 290, 84),
(2083, 293, 84),
(2084, 2, 85),
(2085, 17, 85),
(2086, 18, 85),
(2087, 22, 85),
(2088, 24, 85),
(2089, 27, 85),
(2090, 67, 85),
(2091, 87, 85),
(2092, 118, 85),
(2093, 125, 85),
(2094, 138, 85),
(2095, 166, 85),
(2096, 176, 85),
(2097, 177, 85),
(2098, 180, 85),
(2099, 185, 85),
(2100, 205, 85),
(2101, 223, 85),
(2102, 231, 85),
(2103, 255, 85),
(2104, 262, 85),
(2105, 298, 85),
(2106, 14, 86),
(2107, 37, 86),
(2108, 43, 86),
(2109, 60, 86),
(2110, 64, 86),
(2111, 100, 86),
(2112, 107, 86),
(2113, 129, 86),
(2114, 150, 86),
(2115, 155, 86),
(2116, 159, 86),
(2117, 175, 86),
(2118, 183, 86),
(2119, 196, 86),
(2120, 212, 86),
(2121, 222, 86),
(2122, 224, 86),
(2123, 232, 86),
(2124, 237, 86),
(2125, 241, 86),
(2126, 243, 86),
(2127, 246, 86),
(2128, 255, 86),
(2129, 280, 86),
(2130, 1, 87),
(2131, 15, 87),
(2132, 20, 87),
(2133, 25, 87),
(2134, 34, 87),
(2135, 38, 87),
(2136, 46, 87),
(2137, 58, 87),
(2138, 67, 87),
(2139, 85, 87),
(2140, 104, 87),
(2141, 117, 87),
(2142, 118, 87),
(2143, 128, 87),
(2144, 172, 87),
(2145, 188, 87),
(2146, 194, 87),
(2147, 207, 87),
(2148, 216, 87),
(2149, 224, 87),
(2150, 242, 87),
(2151, 264, 87),
(2152, 293, 87),
(2153, 4, 88),
(2154, 14, 88),
(2155, 21, 88),
(2156, 29, 88),
(2157, 31, 88),
(2158, 38, 88),
(2159, 42, 88),
(2160, 57, 88),
(2161, 66, 88),
(2162, 73, 88),
(2163, 82, 88),
(2164, 86, 88),
(2165, 109, 88),
(2166, 127, 88),
(2167, 160, 88),
(2168, 167, 88),
(2169, 199, 88),
(2170, 214, 88),
(2171, 220, 88),
(2172, 225, 88),
(2173, 233, 88),
(2174, 239, 88),
(2175, 249, 88),
(2176, 254, 88),
(2177, 259, 88),
(2178, 279, 88),
(2179, 296, 88),
(2180, 14, 89),
(2181, 66, 89),
(2182, 76, 89),
(2183, 96, 89),
(2184, 99, 89),
(2185, 111, 89),
(2186, 131, 89),
(2187, 135, 89),
(2188, 137, 89),
(2189, 141, 89),
(2190, 165, 89),
(2191, 192, 89),
(2192, 205, 89),
(2193, 240, 89),
(2194, 254, 89),
(2195, 263, 89),
(2196, 265, 89),
(2197, 28, 90),
(2198, 37, 90),
(2199, 57, 90),
(2200, 95, 90),
(2201, 111, 90),
(2202, 116, 90),
(2203, 126, 90),
(2204, 134, 90),
(2205, 136, 90),
(2206, 142, 90),
(2207, 143, 90),
(2208, 175, 90),
(2209, 178, 90),
(2210, 182, 90),
(2211, 202, 90),
(2212, 240, 90),
(2213, 245, 90),
(2214, 248, 90),
(2215, 2, 91),
(2216, 7, 91),
(2217, 34, 91),
(2218, 39, 91),
(2219, 41, 91),
(2220, 55, 91),
(2221, 56, 91),
(2222, 62, 91),
(2223, 66, 91),
(2224, 105, 91),
(2225, 108, 91),
(2226, 124, 91),
(2227, 132, 91),
(2228, 143, 91),
(2229, 158, 91),
(2230, 166, 91),
(2231, 196, 91),
(2232, 199, 91),
(2233, 221, 91),
(2234, 223, 91),
(2235, 230, 91),
(2236, 233, 91),
(2237, 252, 91),
(2238, 267, 91),
(2239, 300, 91),
(2240, 60, 92),
(2241, 62, 92),
(2242, 75, 92),
(2243, 92, 92),
(2244, 104, 92),
(2245, 116, 92),
(2246, 148, 92),
(2247, 182, 92),
(2248, 197, 92),
(2249, 266, 92),
(2250, 288, 92),
(2251, 17, 93),
(2252, 44, 93),
(2253, 86, 93),
(2254, 134, 93),
(2255, 138, 93),
(2256, 148, 93),
(2257, 156, 93),
(2258, 186, 93),
(2259, 204, 93),
(2260, 248, 93),
(2261, 261, 93),
(2262, 267, 93),
(2263, 283, 93),
(2264, 294, 93),
(2265, 3, 94),
(2266, 6, 94),
(2267, 24, 94),
(2268, 31, 94),
(2269, 34, 94),
(2270, 42, 94),
(2271, 43, 94),
(2272, 44, 94),
(2273, 58, 94),
(2274, 60, 94),
(2275, 65, 94),
(2276, 75, 94),
(2277, 81, 94),
(2278, 89, 94),
(2279, 105, 94),
(2280, 115, 94),
(2281, 130, 94),
(2282, 142, 94),
(2283, 144, 94),
(2284, 160, 94),
(2285, 167, 94),
(2286, 170, 94),
(2287, 175, 94),
(2288, 179, 94),
(2289, 195, 94),
(2290, 197, 94),
(2291, 206, 94),
(2292, 234, 94),
(2293, 246, 94),
(2294, 249, 94),
(2295, 255, 94),
(2296, 270, 94),
(2297, 275, 94),
(2298, 279, 94),
(2299, 281, 94),
(2300, 292, 94),
(2301, 295, 94),
(2302, 298, 94),
(2303, 300, 94),
(2304, 13, 95),
(2305, 16, 95),
(2306, 49, 95),
(2307, 86, 95),
(2308, 90, 95),
(2309, 91, 95),
(2310, 113, 95),
(2311, 121, 95),
(2312, 122, 95),
(2313, 125, 95),
(2314, 129, 95),
(2315, 140, 95),
(2316, 143, 95),
(2317, 155, 95),
(2318, 165, 95),
(2319, 186, 95),
(2320, 193, 95),
(2321, 222, 95),
(2322, 236, 95),
(2323, 240, 95),
(2324, 281, 95),
(2325, 290, 95),
(2326, 291, 95),
(2327, 12, 96),
(2328, 13, 96),
(2329, 14, 96),
(2330, 18, 96),
(2331, 21, 96),
(2332, 40, 96),
(2333, 46, 96),
(2334, 60, 96),
(2335, 71, 96),
(2336, 73, 96),
(2337, 90, 96),
(2338, 95, 96),
(2339, 109, 96),
(2340, 123, 96),
(2341, 124, 96),
(2342, 135, 96),
(2343, 160, 96),
(2344, 167, 96),
(2345, 176, 96),
(2346, 185, 96),
(2347, 196, 96),
(2348, 213, 96),
(2349, 215, 96),
(2350, 248, 96),
(2351, 272, 96),
(2352, 278, 96),
(2353, 284, 96),
(2354, 292, 96),
(2355, 4, 97),
(2356, 6, 97),
(2357, 8, 97),
(2358, 23, 97),
(2359, 41, 97),
(2360, 46, 97),
(2361, 49, 97),
(2362, 64, 97),
(2363, 66, 97),
(2364, 68, 97),
(2365, 75, 97),
(2366, 87, 97),
(2367, 104, 97),
(2368, 146, 97),
(2369, 150, 97),
(2370, 164, 97),
(2371, 165, 97),
(2372, 168, 97),
(2373, 180, 97),
(2374, 191, 97),
(2375, 198, 97),
(2376, 203, 97),
(2377, 208, 97),
(2378, 218, 97),
(2379, 230, 97),
(2380, 235, 97),
(2381, 240, 97),
(2382, 241, 97),
(2383, 253, 97),
(2384, 266, 97),
(2385, 272, 97),
(2386, 279, 97),
(2387, 292, 97),
(2388, 6, 98),
(2389, 13, 98),
(2390, 18, 98),
(2391, 20, 98),
(2392, 25, 98),
(2393, 32, 98),
(2394, 43, 98),
(2395, 57, 98),
(2396, 60, 98),
(2397, 67, 98),
(2398, 95, 98),
(2399, 99, 98),
(2400, 109, 98),
(2401, 113, 98),
(2402, 121, 98),
(2403, 128, 98),
(2404, 132, 98),
(2405, 135, 98),
(2406, 152, 98),
(2407, 153, 98),
(2408, 166, 98),
(2409, 171, 98),
(2410, 175, 98),
(2411, 180, 98),
(2412, 184, 98),
(2413, 185, 98),
(2414, 189, 98),
(2415, 190, 98),
(2416, 198, 98),
(2417, 204, 98),
(2418, 208, 98),
(2419, 213, 98),
(2420, 231, 98),
(2421, 250, 98),
(2422, 257, 98),
(2423, 259, 98),
(2424, 266, 98),
(2425, 291, 98),
(2426, 23, 99),
(2427, 40, 99),
(2428, 41, 99),
(2429, 42, 99),
(2430, 43, 99),
(2431, 84, 99),
(2432, 89, 99),
(2433, 103, 99),
(2434, 130, 99),
(2435, 142, 99),
(2436, 172, 99),
(2437, 224, 99),
(2438, 235, 99),
(2439, 267, 99),
(2440, 283, 99),
(2441, 294, 99),
(2442, 27, 100),
(2443, 40, 100),
(2444, 57, 100),
(2445, 64, 100),
(2446, 65, 100),
(2447, 72, 100),
(2448, 73, 100),
(2449, 81, 100),
(2450, 94, 100),
(2451, 95, 100),
(2452, 105, 100),
(2453, 119, 100),
(2454, 120, 100),
(2455, 124, 100),
(2456, 128, 100),
(2457, 130, 100),
(2458, 143, 100),
(2459, 160, 100),
(2460, 183, 100),
(2461, 212, 100),
(2462, 222, 100),
(2463, 235, 100),
(2464, 249, 100),
(2465, 250, 100),
(2466, 253, 100),
(2467, 267, 100),
(2468, 272, 100),
(2469, 300, 100),
(2475, 99, 1),
(2476, 296, 1),
(2477, 8, 1);

-- --------------------------------------------------------

--
-- Estructura de tabla para la tabla `migrations`
--

CREATE TABLE `migrations` (
  `id` int(10) UNSIGNED NOT NULL,
  `migration` varchar(255) COLLATE utf8mb4_unicode_ci NOT NULL,
  `batch` int(11) NOT NULL
) ENGINE=InnoDB DEFAULT CHARSET=utf8mb4 COLLATE=utf8mb4_unicode_ci;

--
-- Volcado de datos para la tabla `migrations`
--

INSERT INTO `migrations` (`id`, `migration`, `batch`) VALUES
(1, '2018_11_30_211645_create_operators_table', 1),
(2, '2018_11_30_211800_create_tours_table', 1),
(3, '2018_11_30_211839_create_customers_table', 1),
(4, '2018_11_30_212200_create_customer_tour_table', 1);

-- --------------------------------------------------------

--
-- Estructura de tabla para la tabla `operators`
--

CREATE TABLE `operators` (
  `id` int(10) UNSIGNED NOT NULL,
  `nombre` varchar(60) COLLATE utf8mb4_unicode_ci NOT NULL,
  `ciudad` varchar(60) COLLATE utf8mb4_unicode_ci NOT NULL,
  `direccion` varchar(255) COLLATE utf8mb4_unicode_ci NOT NULL,
  `telefono` varchar(255) COLLATE utf8mb4_unicode_ci NOT NULL,
  `rango` char(2) COLLATE utf8mb4_unicode_ci NOT NULL,
  `created_at` timestamp NULL DEFAULT NULL,
  `updated_at` timestamp NULL DEFAULT NULL,
  `deleted_at` timestamp NULL DEFAULT NULL
) ENGINE=InnoDB DEFAULT CHARSET=utf8mb4 COLLATE=utf8mb4_unicode_ci;

--
-- Volcado de datos para la tabla `operators`
--

INSERT INTO `operators` (`id`, `nombre`, `ciudad`, `direccion`, `telefono`, `rango`, `created_at`, `updated_at`, `deleted_at`) VALUES
(1, 'Adriel Stokes', 'Port Faustofurt', '3329 Jordon Mall\nEast Bellechester, PA 87838', '+1 (659) 770-4311', '05', '2018-12-29 18:04:37', '2018-12-29 18:04:37', NULL),
(2, 'Jo Terry DDS', 'Port Patsy', '271 Kelli Circle Apt. 984\nSouth Lon, FL 74858-1848', '263-557-9138 x114', '08', '2018-12-29 18:04:37', '2018-12-29 18:04:37', NULL),
(3, 'Triston Reynolds', 'Alethaton', '57485 Miles Branch\nSouth Viva, OR 40497-7784', '1-360-203-7487', '02', '2018-12-29 18:04:37', '2018-12-29 18:04:37', NULL),
(4, 'Jeffery Haag', 'Trantowfort', '6634 William Avenue\nAstridview, CT 62701-4995', '1-573-433-0967 x72955', '05', '2018-12-29 18:04:37', '2018-12-29 18:04:37', NULL),
(5, 'Mr. Nelson Adams Sr.', 'Anissaview', '5362 Marks Groves Suite 327\nRunteshire, ND 07826-1177', '890.946.5051 x4307', '03', '2018-12-29 18:04:37', '2018-12-29 18:04:37', NULL),
(6, 'Yessenia Blanda', 'North Heloise', '6547 Eichmann Course Apt. 812\nNorth Melodyburgh, MN 71270', '1-483-807-0980 x3116', '09', '2018-12-29 18:04:37', '2018-12-29 18:04:37', NULL),
(7, 'Edyth Adams DDS', 'North Tracey', '2058 Howe Wells Apt. 489\nNorth Babyberg, RI 83533', '310-806-1363 x3597', '02', '2018-12-29 18:04:37', '2018-12-29 18:04:37', NULL),
(8, 'Eliseo Grady', 'Johnsonfort', '860 Ada Centers Apt. 580\nNew Bessiechester, ID 60210-4789', '438-979-0521 x647', '08', '2018-12-29 18:04:37', '2018-12-29 18:04:37', NULL),
(9, 'Mr. Adelbert Runolfsdottir DVM', 'Rachaelton', '918 Johns Trafficway Apt. 916\nBernhardton, AZ 93197-9422', '535-298-6574 x983', '05', '2018-12-29 18:04:37', '2018-12-29 18:04:37', NULL),
(10, 'Ernest Zieme', 'Kovacekland', '861 Parisian Ports\nNorth Monserrate, WI 70442', '1-686-623-0419 x1077', '08', '2018-12-29 18:04:37', '2018-12-29 18:04:37', NULL),
(11, 'Rylan Kohler', 'Ginafurt', '651 Lockman Village\nSouth Alessandraborough, WA 62072-0972', '859-363-4384 x14557', '05', '2018-12-29 18:04:37', '2018-12-29 18:04:37', NULL),
(12, 'Mrs. Magnolia Cassin DVM', 'East Cordiashire', '661 Ruecker Squares Suite 657\nNew Marinashire, IL 30207-9604', '+1 (241) 269-7937', '04', '2018-12-29 18:04:37', '2018-12-29 18:04:37', NULL),
(13, 'Neal Gutmann MD', 'Predovicchester', '5930 Kutch Plains Suite 542\nWest Betty, CA 81351', '+18769048854', '06', '2018-12-29 18:04:37', '2018-12-29 18:04:37', NULL),
(14, 'Wilber Kunze', 'New Dora', '828 Vandervort Lake Suite 517\nJoshuahton, NY 96704', '643.779.5329', '04', '2018-12-29 18:04:37', '2018-12-29 18:04:37', NULL),
(15, 'Maria Bailey', 'Jedhaven', '3785 Conor Way\nMurrayfort, ID 34191', '442-857-9775', '04', '2018-12-29 18:04:37', '2018-12-29 18:04:37', NULL),
(16, 'Roslyn Hermiston', 'South Sofiaside', '44360 Heller Trace\nCaratown, DC 22779-6189', '(364) 953-5289', '02', '2018-12-29 18:04:37', '2018-12-29 18:04:37', NULL),
(17, 'Miss Skyla Wuckert', 'North Bernita', '291 Santa Drives\nMyraton, KS 52672', '+1-372-801-3510', '01', '2018-12-29 18:04:37', '2018-12-29 18:04:37', NULL),
(18, 'Eva Lowe II', 'Emmieville', '3965 Champlin Lane Suite 447\nSigridbury, NE 39770', '1-218-831-5484', '06', '2018-12-29 18:04:37', '2018-12-29 18:04:37', NULL),
(19, 'Mrs. Priscilla Treutel MD', 'South Rodrickville', '60716 Marie Garden\nNew Eladio, LA 00892-2617', '(405) 379-3987 x1603', '00', '2018-12-29 18:04:37', '2018-12-29 18:04:37', NULL),
(20, 'Yolanda Corwin', 'North Isaistad', '214 Williamson Lake Apt. 349\nIsmaelborough, MS 02994', '+1 (658) 561-7259', '08', '2018-12-29 18:04:37', '2018-12-29 18:04:37', NULL);

-- --------------------------------------------------------

--
-- Estructura de tabla para la tabla `tours`
--

CREATE TABLE `tours` (
  `id` int(10) UNSIGNED NOT NULL,
  `operator_id` int(10) UNSIGNED NOT NULL,
  `destino` varchar(100) COLLATE utf8mb4_unicode_ci NOT NULL,
  `inicio_fecha` date NOT NULL,
  `inicio_hora` time NOT NULL,
  `final_fecha` date NOT NULL,
  `final_hora` time NOT NULL,
  `duracion` int(10) UNSIGNED NOT NULL,
  `precio` double(8,2) UNSIGNED NOT NULL,
  `detalles` text COLLATE utf8mb4_unicode_ci,
  `created_at` timestamp NULL DEFAULT NULL,
  `updated_at` timestamp NULL DEFAULT NULL,
  `deleted_at` timestamp NULL DEFAULT NULL
) ENGINE=InnoDB DEFAULT CHARSET=utf8mb4 COLLATE=utf8mb4_unicode_ci;

--
-- Volcado de datos para la tabla `tours`
--

INSERT INTO `tours` (`id`, `operator_id`, `destino`, `inicio_fecha`, `inicio_hora`, `final_fecha`, `final_hora`, `duracion`, `precio`, `detalles`, `created_at`, `updated_at`, `deleted_at`) VALUES
(1, 1, 'United Arab Emirates', '1988-04-18', '08:21:43', '1988-04-29', '14:46:55', 11, 1048.21, 'Sit assumenda molestiae veritatis recusandae est id aliquid.', '2018-12-29 18:04:39', '2018-12-29 18:04:39', NULL),
(2, 20, 'Sri Lanka', '1980-03-07', '21:59:10', '1980-03-15', '17:37:34', 8, 748.12, 'Natus commodi et tempore facere ipsa error maxime. Cumque soluta consectetur soluta rerum.', '2018-12-29 18:04:39', '2018-12-29 18:04:39', NULL),
(3, 15, 'Cook Islands', '2009-08-10', '19:15:29', '2009-08-21', '17:42:39', 11, 1141.19, 'Et enim fuga ut aut. Possimus voluptas nulla sapiente id.', '2018-12-29 18:04:40', '2018-12-29 18:04:40', NULL),
(4, 1, 'United States Virgin Islands', '2001-12-16', '19:16:07', '2001-12-25', '11:34:47', 9, 708.88, 'Dolores omnis at modi et eum praesentium. Non ea qui accusantium non nesciunt nam nihil.', '2018-12-29 18:04:40', '2018-12-29 18:04:40', NULL),
(5, 18, 'Jersey', '1988-04-11', '22:22:10', '1988-04-25', '01:09:37', 14, 434.18, 'Velit nam iure numquam ratione.', '2018-12-29 18:04:40', '2018-12-29 18:04:40', NULL),
(6, 20, 'Netherlands Antilles', '1982-08-22', '23:07:15', '1982-08-27', '17:41:12', 5, 904.25, 'Fuga eligendi et voluptatum mollitia quibusdam itaque. Molestiae asperiores eveniet repellendus deserunt.', '2018-12-29 18:04:40', '2018-12-29 18:04:40', NULL),
(7, 14, 'Oman', '1985-08-12', '03:42:55', '1985-08-22', '03:05:30', 10, 559.89, 'Aliquam cumque asperiores ratione voluptas exercitationem.', '2018-12-29 18:04:40', '2018-12-29 18:04:40', NULL),
(8, 6, 'Switzerland', '2006-12-17', '02:26:01', '2006-12-24', '18:41:00', 7, 2069.67, 'Incidunt cumque alias molestiae quo tenetur voluptatem. Et ex sunt aliquid fuga dolorem illo ullam.', '2018-12-29 18:04:40', '2018-12-29 18:04:40', NULL),
(9, 2, 'Egypt', '1999-11-27', '14:16:49', '1999-12-12', '02:24:28', 15, 1582.84, 'Aut et voluptatem rerum ducimus omnis quod.', '2018-12-29 18:04:40', '2018-12-29 18:04:40', NULL),
(10, 7, 'Senegal', '1977-07-23', '14:38:10', '1977-08-01', '01:57:16', 9, 4460.21, 'Voluptatem qui accusantium voluptatum omnis.', '2018-12-29 18:04:40', '2018-12-29 18:04:40', NULL),
(11, 20, 'Belize', '1985-11-17', '09:51:32', '1985-12-02', '02:13:55', 15, 1833.30, 'Omnis nesciunt aut velit quo. Provident dicta quibusdam eligendi.', '2018-12-29 18:04:40', '2018-12-29 18:04:40', NULL),
(12, 6, 'Suriname', '1998-03-03', '10:48:58', '1998-03-16', '14:14:06', 13, 2947.13, 'Vel quo animi accusantium veritatis aut corrupti tenetur. Ipsum minus magni eaque dolor.', '2018-12-29 18:04:40', '2018-12-29 18:04:40', NULL),
(13, 8, 'Paraguay', '2010-04-27', '20:48:29', '2010-05-02', '12:51:56', 5, 284.95, 'Aperiam sequi placeat voluptas cum tenetur. Quae quis laborum voluptatem deserunt quae fugiat.', '2018-12-29 18:04:40', '2018-12-29 18:04:40', NULL),
(14, 16, 'Niger', '2004-03-30', '04:55:10', '2004-04-05', '02:36:08', 6, 2698.03, 'Occaecati odit iusto voluptatem vitae voluptatum.', '2018-12-29 18:04:40', '2018-12-29 18:04:40', NULL),
(15, 18, 'Moldova', '1992-07-01', '10:16:19', '1992-07-12', '01:45:16', 11, 4527.71, 'Iure ut quam doloribus voluptatem.', '2018-12-29 18:04:40', '2018-12-29 18:04:40', NULL),
(16, 9, 'Germany', '1988-01-05', '16:57:31', '1988-01-10', '22:38:50', 5, 1674.08, 'Consequuntur qui perspiciatis earum ut a architecto sit.', '2018-12-29 18:04:40', '2018-12-29 18:04:40', NULL),
(17, 6, 'Pitcairn Islands', '1983-01-05', '05:40:12', '1983-01-18', '19:36:12', 13, 2504.09, 'Rem sunt vel autem dolores eum nulla quibusdam.', '2018-12-29 18:04:40', '2018-12-29 18:04:40', NULL),
(18, 4, 'Tonga', '1981-09-25', '00:29:01', '1981-10-10', '23:10:27', 15, 4082.38, 'A cum impedit id reprehenderit possimus aut quia facere.', '2018-12-29 18:04:40', '2018-12-29 18:04:40', NULL),
(19, 10, 'Uruguay', '2017-05-01', '08:33:47', '2017-05-07', '16:30:04', 6, 3143.94, 'Aut aut fuga recusandae dolores est qui velit est. Fugiat nesciunt quidem sed quo.', '2018-12-29 18:04:40', '2018-12-29 18:04:40', NULL),
(20, 19, 'Vanuatu', '1995-08-26', '00:25:34', '1995-09-03', '18:42:42', 8, 4320.96, 'Id a quam dolorem odit.', '2018-12-29 18:04:40', '2018-12-29 18:04:40', NULL),
(21, 5, 'Romania', '1988-05-12', '21:44:12', '1988-05-19', '06:19:00', 7, 1885.67, 'Cum ut voluptates dolor fugiat.', '2018-12-29 18:04:40', '2018-12-29 18:04:40', NULL),
(22, 2, 'Equatorial Guinea', '1976-03-21', '14:48:13', '1976-04-04', '06:15:40', 14, 1234.89, 'Eveniet at doloribus id ad ex eum. Nam molestiae architecto enim.', '2018-12-29 18:04:40', '2018-12-29 18:04:40', NULL),
(23, 8, 'Indonesia', '1991-02-03', '02:46:29', '1991-02-07', '22:15:42', 4, 3548.34, 'Voluptas autem dolor quia et quos deserunt pariatur.', '2018-12-29 18:04:40', '2018-12-29 18:04:40', NULL),
(24, 1, 'Slovakia (Slovak Republic)', '1988-01-04', '17:23:09', '1988-01-18', '08:21:20', 14, 4297.85, 'Est nihil perspiciatis distinctio soluta ipsa ab.', '2018-12-29 18:04:40', '2018-12-29 18:04:40', NULL),
(25, 5, 'Wallis and Futuna', '1973-11-17', '12:43:29', '1973-11-29', '23:27:02', 12, 4875.05, 'Qui aut voluptatem quia consequuntur.', '2018-12-29 18:04:40', '2018-12-29 18:04:40', NULL),
(26, 18, 'Mauritius', '1998-12-10', '01:19:17', '1998-12-14', '12:41:39', 4, 3973.21, 'Officia eos saepe maxime est. Ut in corrupti est laborum praesentium esse veniam.', '2018-12-29 18:04:40', '2018-12-29 18:04:40', NULL),
(27, 15, 'Moldova', '1996-09-20', '22:05:31', '1996-10-05', '19:17:23', 15, 3660.18, 'Aut officia aut et unde. Quia quo eveniet rerum et.', '2018-12-29 18:04:40', '2018-12-29 18:04:40', NULL),
(28, 17, 'Gambia', '2012-08-02', '17:06:17', '2012-08-11', '13:23:16', 9, 3527.53, 'Sed dolor cumque at beatae omnis perspiciatis accusamus.', '2018-12-29 18:04:40', '2018-12-29 18:04:40', NULL),
(29, 7, 'Mauritius', '1973-10-27', '08:04:35', '1973-11-06', '03:59:01', 10, 1213.91, 'Natus eum reiciendis dolores ex.', '2018-12-29 18:04:40', '2018-12-29 18:04:40', NULL),
(30, 16, 'Mauritania', '2000-10-08', '04:12:15', '2000-10-12', '15:18:22', 4, 4887.67, 'Voluptatum nihil quisquam accusamus ipsa recusandae. Aut quis maiores corporis velit nostrum qui voluptatem.', '2018-12-29 18:04:40', '2018-12-29 18:04:40', NULL),
(31, 17, 'Portugal', '1990-02-24', '22:58:42', '1990-03-09', '22:01:50', 13, 1933.45, 'Ab deserunt doloremque corporis est deserunt possimus quia.', '2018-12-29 18:04:40', '2018-12-29 18:04:40', NULL),
(32, 17, 'Luxembourg', '2007-05-23', '16:32:56', '2007-06-02', '13:37:12', 10, 4798.41, 'Sunt et non ullam qui totam quia. Nostrum cum tenetur voluptas.', '2018-12-29 18:04:40', '2018-12-29 18:04:40', NULL),
(33, 3, 'Antigua and Barbuda', '1984-04-10', '16:01:54', '1984-04-19', '08:01:41', 9, 3289.88, 'Consequuntur non ab et odit autem impedit recusandae.', '2018-12-29 18:04:40', '2018-12-29 18:04:40', NULL),
(34, 9, 'Switzerland', '1997-09-20', '12:09:58', '1997-09-27', '07:24:42', 7, 4008.20, 'Voluptate tenetur et voluptas dolor et tenetur sit. Earum ab ab soluta quia iste.', '2018-12-29 18:04:40', '2018-12-29 18:04:40', NULL),
(35, 10, 'Netherlands Antilles', '1998-11-09', '23:47:02', '1998-11-13', '05:08:15', 4, 2945.01, 'Laudantium consequatur repellendus consectetur quis eum ea.', '2018-12-29 18:04:40', '2018-12-29 18:04:40', NULL),
(36, 2, 'United States of America', '1984-06-07', '08:48:39', '1984-06-13', '10:32:21', 6, 1562.20, 'Aut sed animi eum tempora. Ipsum nulla voluptas ut repellat praesentium sapiente.', '2018-12-29 18:04:40', '2018-12-29 18:04:40', NULL),
(37, 5, 'El Salvador', '2014-08-31', '06:56:45', '2014-09-12', '00:03:33', 12, 2249.49, 'Mollitia veritatis voluptatem ut est quis vel.', '2018-12-29 18:04:40', '2018-12-29 18:04:40', NULL),
(38, 19, 'Brunei Darussalam', '1975-09-28', '04:10:54', '1975-10-05', '21:04:30', 7, 2369.48, 'Odio illum eum unde omnis nihil est saepe sed. Velit earum vel et consequuntur tempora.', '2018-12-29 18:04:40', '2018-12-29 18:04:40', NULL),
(39, 12, 'Algeria', '1987-04-30', '09:55:04', '1987-05-07', '22:52:26', 7, 2217.55, 'Ratione aperiam quos quibusdam ut delectus harum asperiores.', '2018-12-29 18:04:40', '2018-12-29 18:04:40', NULL),
(40, 3, 'Denmark', '2014-01-27', '06:06:58', '2014-02-06', '09:28:12', 10, 2820.55, 'Eos aspernatur quos exercitationem id pariatur.', '2018-12-29 18:04:40', '2018-12-29 18:04:40', NULL),
(41, 12, 'Mongolia', '1995-09-05', '00:02:10', '1995-09-16', '12:13:41', 11, 1373.69, 'Veniam ea qui numquam iste voluptas quae enim.', '2018-12-29 18:04:40', '2018-12-29 18:04:40', NULL),
(42, 11, 'Guinea-Bissau', '1973-12-04', '02:35:48', '1973-12-09', '10:53:52', 5, 2192.77, 'Dolorem dolor optio ducimus ea minima enim rerum.', '2018-12-29 18:04:40', '2018-12-29 18:04:40', NULL),
(43, 8, 'Cape Verde', '1971-11-22', '19:16:45', '1971-12-02', '12:53:14', 10, 1669.25, 'Omnis nesciunt porro illo vel alias.', '2018-12-29 18:04:40', '2018-12-29 18:04:40', NULL),
(44, 3, 'Australia', '1979-07-27', '02:17:46', '1979-08-04', '21:58:05', 8, 2136.85, 'Alias enim quam minima. Et doloremque dignissimos laudantium sed.', '2018-12-29 18:04:40', '2018-12-29 18:04:40', NULL),
(45, 16, 'Syrian Arab Republic', '1989-11-19', '01:13:26', '1989-11-29', '10:13:04', 10, 1732.17, 'Impedit voluptas et deleniti nam neque. Incidunt impedit voluptatum facilis hic consequatur.', '2018-12-29 18:04:40', '2018-12-29 18:04:40', NULL),
(46, 10, 'Palau', '2008-02-22', '05:09:34', '2008-03-02', '06:38:38', 9, 1599.33, 'Aliquam aut nihil facilis accusamus quis consequuntur.', '2018-12-29 18:04:40', '2018-12-29 18:04:40', NULL),
(47, 11, 'Uruguay', '1988-10-21', '07:28:06', '1988-10-29', '16:11:22', 8, 446.38, 'Est alias doloremque quia labore a rerum quis error.', '2018-12-29 18:04:40', '2018-12-29 18:04:40', NULL),
(48, 10, 'Saint Vincent and the Grenadines', '2017-02-23', '11:38:33', '2017-02-27', '11:56:32', 4, 220.85, 'Quae dolorem et illum error velit.', '2018-12-29 18:04:40', '2018-12-29 18:04:40', NULL),
(49, 4, 'Gabon', '1983-05-23', '03:35:25', '1983-06-06', '11:10:04', 14, 270.91, 'Ipsam ut dolor perspiciatis qui. Laudantium quidem nam molestiae rerum nam.', '2018-12-29 18:04:40', '2018-12-29 18:04:40', NULL),
(50, 10, 'Cambodia', '1975-04-14', '11:41:18', '1975-04-19', '01:28:57', 5, 2154.30, 'Aliquid sunt ut fugiat commodi.', '2018-12-29 18:04:40', '2018-12-29 18:04:40', NULL),
(51, 13, 'Ecuador', '2002-07-17', '04:22:12', '2002-07-30', '15:38:48', 13, 1608.61, 'Alias culpa nesciunt beatae qui occaecati nulla.', '2018-12-29 18:04:40', '2018-12-29 18:04:40', NULL),
(52, 4, 'Rwanda', '1995-10-17', '03:00:52', '1995-10-29', '10:26:12', 12, 1687.50, 'Deleniti quam quo dolor fuga est ut. Quod similique minus molestiae mollitia.', '2018-12-29 18:04:40', '2018-12-29 18:04:40', NULL),
(53, 5, 'Central African Republic', '1994-06-12', '13:20:40', '1994-06-19', '22:29:14', 7, 1018.17, 'Enim quas veritatis nisi placeat consequuntur aut non. Et quo autem animi ab.', '2018-12-29 18:04:40', '2018-12-29 18:04:40', NULL),
(54, 15, 'Argentina', '1981-11-28', '17:41:58', '1981-12-03', '22:27:15', 5, 1785.43, 'Consectetur necessitatibus et odio voluptatem doloribus.', '2018-12-29 18:04:40', '2018-12-29 18:04:40', NULL),
(55, 18, 'Namibia', '1988-04-05', '08:58:52', '1988-04-20', '05:46:23', 15, 3929.06, 'Nihil fugiat doloribus id tempora quam et praesentium quod. Est id dolores sit rem reiciendis quis recusandae odit.', '2018-12-29 18:04:40', '2018-12-29 18:04:40', NULL),
(56, 2, 'Vietnam', '1998-02-22', '22:01:49', '1998-03-08', '21:46:03', 14, 4174.85, 'Et qui dolorem et sit quis.', '2018-12-29 18:04:40', '2018-12-29 18:04:40', NULL),
(57, 1, 'Falkland Islands (Malvinas)', '2013-08-05', '11:04:38', '2013-08-19', '01:27:47', 14, 1402.94, 'Velit nulla consequatur molestias est. Voluptas beatae omnis neque ut mollitia qui ea.', '2018-12-29 18:04:40', '2018-12-29 18:04:40', NULL),
(58, 7, 'Gibraltar', '1991-03-07', '13:07:44', '1991-03-19', '10:32:41', 12, 3817.89, 'Aut nemo esse et nulla. Perspiciatis quia autem magni.', '2018-12-29 18:04:40', '2018-12-29 18:04:40', NULL),
(59, 19, 'French Polynesia', '2009-07-11', '13:34:31', '2009-07-20', '19:30:59', 9, 1120.49, 'Consequatur omnis aliquam veniam perspiciatis asperiores.', '2018-12-29 18:04:40', '2018-12-29 18:04:40', NULL),
(60, 17, 'Croatia', '1990-11-23', '02:30:11', '1990-12-04', '13:42:36', 11, 2992.74, 'Occaecati rerum modi aut illo vel.', '2018-12-29 18:04:40', '2018-12-29 18:04:40', NULL),
(61, 18, 'Mauritius', '2015-03-12', '06:38:14', '2015-03-27', '13:08:43', 15, 317.85, 'Mollitia aut voluptatem sequi voluptate consequatur.', '2018-12-29 18:04:40', '2018-12-29 18:04:40', NULL),
(62, 6, 'Bulgaria', '2009-08-23', '13:51:06', '2009-08-31', '15:23:00', 8, 2894.47, 'Quis eum quasi sit similique. Et neque est consectetur possimus totam qui culpa.', '2018-12-29 18:04:40', '2018-12-29 18:04:40', NULL),
(63, 19, 'Netherlands Antilles', '1981-09-18', '01:17:11', '1981-09-23', '14:45:24', 5, 411.84, 'Veritatis tempora et velit.', '2018-12-29 18:04:40', '2018-12-29 18:04:40', NULL),
(64, 3, 'Anguilla', '2014-07-14', '11:21:02', '2014-07-23', '15:20:37', 9, 497.25, 'Corporis omnis ut omnis exercitationem.', '2018-12-29 18:04:40', '2018-12-29 18:04:40', NULL),
(65, 20, 'Myanmar', '1997-01-18', '03:14:55', '1997-01-26', '22:58:55', 8, 1958.71, 'Mollitia ratione ullam aut consectetur. Repellendus sit deserunt nihil sint est et.', '2018-12-29 18:04:40', '2018-12-29 18:04:40', NULL),
(66, 7, 'Slovenia', '2016-10-12', '00:46:42', '2016-10-19', '00:21:10', 7, 995.77, 'Velit quis velit voluptatum id quo. Magnam vel voluptas illum laudantium.', '2018-12-29 18:04:40', '2018-12-29 18:04:40', NULL),
(67, 15, 'Equatorial Guinea', '1986-08-12', '00:40:25', '1986-08-25', '18:13:11', 13, 2174.27, 'Aperiam sint et dolore qui voluptate officiis. Accusantium non dicta nihil debitis rerum minus.', '2018-12-29 18:04:40', '2018-12-29 18:04:40', NULL),
(68, 1, 'Kiribati', '1980-11-30', '13:20:00', '1980-12-06', '00:13:35', 6, 4182.13, 'Qui quia maiores rerum qui dignissimos.', '2018-12-29 18:04:40', '2018-12-29 18:04:40', NULL),
(69, 5, 'Macao', '1973-11-14', '09:59:29', '1973-11-18', '04:17:46', 4, 4159.88, 'Beatae ut praesentium eius aut nobis provident qui. Rerum fugit aut natus quaerat repellat optio.', '2018-12-29 18:04:40', '2018-12-29 18:04:40', NULL),
(70, 6, 'Liechtenstein', '1984-12-16', '01:56:27', '1984-12-20', '20:24:07', 4, 2231.32, 'Perferendis possimus voluptatem earum quod tenetur aspernatur omnis.', '2018-12-29 18:04:40', '2018-12-29 18:04:40', NULL),
(71, 12, 'Romania', '2013-01-19', '01:55:52', '2013-01-26', '11:46:59', 7, 1743.69, 'Reiciendis et ut dolor quis iure natus. Rerum sint rem dolorum consequatur consequatur.', '2018-12-29 18:04:40', '2018-12-29 18:04:40', NULL),
(72, 13, 'Swaziland', '1983-11-25', '11:51:16', '1983-12-04', '21:05:24', 9, 4516.90, 'Consectetur officiis enim sint quisquam consequatur placeat nemo sit. Laborum id inventore qui enim.', '2018-12-29 18:04:40', '2018-12-29 18:04:40', NULL),
(73, 3, 'Gabon', '2002-12-25', '14:13:31', '2003-01-04', '01:38:19', 10, 3331.52, 'Dolor aut harum numquam sint unde repellendus et. Necessitatibus vero beatae dolor soluta ipsam voluptates.', '2018-12-29 18:04:40', '2018-12-29 18:04:40', NULL),
(74, 5, 'Australia', '1989-10-05', '22:42:17', '1989-10-18', '23:01:59', 13, 3278.23, 'Velit assumenda est fugit vel dolores recusandae dolore. Beatae sequi officiis esse qui facilis impedit error.', '2018-12-29 18:04:40', '2018-12-29 18:04:40', NULL),
(75, 20, 'Mauritius', '1992-10-29', '01:16:56', '1992-11-12', '18:10:18', 14, 2813.61, 'Vitae dolores id minus optio ipsum ut.', '2018-12-29 18:04:40', '2018-12-29 18:04:40', NULL),
(76, 18, 'Ecuador', '1985-07-11', '14:52:02', '1985-07-16', '16:01:41', 5, 3097.81, 'Non eius quod placeat harum. Omnis sint aliquam corporis illo aliquam ipsa voluptas.', '2018-12-29 18:04:40', '2018-12-29 18:04:40', NULL),
(77, 10, 'Niger', '2013-12-12', '12:40:02', '2013-12-26', '23:48:27', 14, 4781.75, 'Quia necessitatibus et earum est ut excepturi. Qui in voluptatum nam mollitia.', '2018-12-29 18:04:40', '2018-12-29 18:04:40', NULL),
(78, 2, 'Tokelau', '2000-02-03', '11:05:31', '2000-02-13', '18:05:36', 10, 3257.14, 'Rerum consectetur ipsam harum eum.', '2018-12-29 18:04:40', '2018-12-29 18:04:40', NULL),
(79, 12, 'Falkland Islands (Malvinas)', '2008-09-01', '10:32:25', '2008-09-10', '08:40:08', 9, 2439.56, 'Alias non fuga commodi recusandae ipsum laudantium deleniti.', '2018-12-29 18:04:40', '2018-12-29 18:04:40', NULL),
(80, 9, 'Faroe Islands', '2005-10-22', '02:40:31', '2005-10-27', '18:48:32', 5, 4124.77, 'Minima esse quibusdam consectetur cum assumenda autem.', '2018-12-29 18:04:40', '2018-12-29 18:04:40', NULL),
(81, 15, 'Russian Federation', '2003-10-30', '13:18:25', '2003-11-11', '04:13:30', 12, 2661.36, 'Et fugit facere autem impedit tempore qui.', '2018-12-29 18:04:40', '2018-12-29 18:04:40', NULL),
(82, 3, 'Czech Republic', '1985-07-17', '06:51:21', '1985-08-01', '02:15:00', 15, 1857.06, 'Ratione ea asperiores nobis et ullam vel culpa culpa. Deleniti totam ut labore reiciendis.', '2018-12-29 18:04:40', '2018-12-29 18:04:40', NULL),
(83, 10, 'Northern Mariana Islands', '1983-04-26', '04:58:58', '1983-05-04', '23:30:08', 8, 2822.27, 'Deserunt sunt omnis beatae nulla.', '2018-12-29 18:04:40', '2018-12-29 18:04:40', NULL),
(84, 3, 'Brazil', '1998-09-16', '16:29:47', '1998-09-25', '10:21:20', 9, 3031.74, 'Sit corporis quaerat placeat ex natus atque alias.', '2018-12-29 18:04:40', '2018-12-29 18:04:40', NULL),
(85, 19, 'Bolivia', '2015-08-13', '08:34:10', '2015-08-22', '04:43:26', 9, 1830.15, 'Et quidem consequuntur sit molestiae.', '2018-12-29 18:04:40', '2018-12-29 18:04:40', NULL),
(86, 20, 'Suriname', '2013-06-19', '10:47:46', '2013-06-29', '07:58:50', 10, 3329.62, 'Voluptatem cupiditate id voluptatem fugiat soluta dolorum. Voluptate est voluptatem est sint vel at.', '2018-12-29 18:04:40', '2018-12-29 18:04:40', NULL),
(87, 9, 'Denmark', '1992-09-09', '17:22:27', '1992-09-22', '23:58:54', 13, 3883.67, 'Id a aspernatur omnis delectus sequi adipisci. Quisquam nihil est quia voluptatem sunt odio nisi.', '2018-12-29 18:04:40', '2018-12-29 18:04:40', NULL),
(88, 18, 'Lebanon', '1999-12-12', '07:36:15', '1999-12-18', '03:09:04', 6, 202.70, 'Aut accusantium reiciendis libero modi id veniam impedit. Eligendi explicabo explicabo libero quaerat debitis dolorum quasi minus.', '2018-12-29 18:04:40', '2018-12-29 18:04:40', NULL),
(89, 16, 'Saint Lucia', '1984-12-01', '12:07:36', '1984-12-09', '12:19:54', 8, 1756.68, 'Expedita qui officiis iure quis suscipit. Numquam corporis qui eum deleniti aspernatur cumque.', '2018-12-29 18:04:40', '2018-12-29 18:04:40', NULL),
(90, 9, 'Gibraltar', '1982-06-04', '14:09:40', '1982-06-11', '12:32:37', 7, 3321.95, 'Cumque repellat ut qui qui itaque adipisci consequatur.', '2018-12-29 18:04:40', '2018-12-29 18:04:40', NULL),
(91, 17, 'Hungary', '2015-07-26', '16:32:23', '2015-08-01', '18:46:14', 6, 1416.43, 'Laboriosam eaque vitae sit aut qui totam accusamus quae.', '2018-12-29 18:04:40', '2018-12-29 18:04:40', NULL),
(92, 15, 'Jordan', '1978-08-01', '05:19:22', '1978-08-11', '04:59:46', 10, 4584.98, 'At repudiandae et quod omnis dolores autem cumque.', '2018-12-29 18:04:40', '2018-12-29 18:04:40', NULL),
(93, 6, 'Uganda', '1975-06-26', '05:36:51', '1975-07-05', '23:06:44', 9, 3909.06, 'Doloribus repellendus aspernatur in porro alias ea. Sit tenetur vero et neque.', '2018-12-29 18:04:40', '2018-12-29 18:04:40', NULL),
(94, 10, 'Estonia', '1970-12-26', '20:32:50', '1971-01-08', '11:52:42', 13, 4543.68, 'Magni nobis illo non omnis ea. Tempore nisi ipsa nam facilis est ab fuga necessitatibus.', '2018-12-29 18:04:40', '2018-12-29 18:04:40', NULL),
(95, 3, 'Germany', '1981-10-27', '18:31:49', '1981-11-02', '18:14:12', 6, 1904.00, 'Officiis occaecati totam iure qui harum debitis repudiandae. Laborum nulla qui id dolorum non quas.', '2018-12-29 18:04:40', '2018-12-29 18:04:40', NULL),
(96, 17, 'Tokelau', '1995-12-01', '06:13:24', '1995-12-07', '21:39:46', 6, 169.67, 'Est quia maiores enim sed rem et. Non quas cupiditate optio quaerat numquam ut nam.', '2018-12-29 18:04:40', '2018-12-29 18:04:40', NULL),
(97, 11, 'Algeria', '1990-08-29', '01:57:36', '1990-09-12', '22:19:17', 14, 4373.50, 'Aut eius in quo suscipit.', '2018-12-29 18:04:40', '2018-12-29 18:04:40', NULL),
(98, 10, 'Puerto Rico', '1975-08-21', '20:51:59', '1975-08-29', '11:54:55', 8, 1721.67, 'Nesciunt architecto quia aut in nihil accusamus. Itaque magni cum non quasi tenetur beatae.', '2018-12-29 18:04:40', '2018-12-29 18:04:40', NULL),
(99, 17, 'Kazakhstan', '1971-05-29', '09:33:47', '1971-06-06', '16:25:43', 8, 2686.91, 'Nihil harum perspiciatis dolor debitis atque facilis.', '2018-12-29 18:04:40', '2018-12-29 18:04:40', NULL),
(100, 10, 'Sri Lanka', '1994-10-13', '11:28:09', '1994-10-20', '14:28:52', 7, 4623.47, 'Deleniti perspiciatis incidunt qui deleniti reiciendis incidunt. Asperiores placeat est qui repellendus.', '2018-12-29 18:04:40', '2018-12-29 18:04:40', NULL);

--
-- Índices para tablas volcadas
--

--
-- Indices de la tabla `customers`
--
ALTER TABLE `customers`
  ADD PRIMARY KEY (`id`),
  ADD UNIQUE KEY `customers_tarjeta_num_unique` (`tarjeta_num`);

--
-- Indices de la tabla `customer_tour`
--
ALTER TABLE `customer_tour`
  ADD PRIMARY KEY (`id`),
  ADD KEY `customer_tour_customer_id_foreign` (`customer_id`),
  ADD KEY `customer_tour_tour_id_foreign` (`tour_id`);

--
-- Indices de la tabla `migrations`
--
ALTER TABLE `migrations`
  ADD PRIMARY KEY (`id`);

--
-- Indices de la tabla `operators`
--
ALTER TABLE `operators`
  ADD PRIMARY KEY (`id`),
  ADD UNIQUE KEY `operators_ciudad_rango_unique` (`ciudad`,`rango`);

--
-- Indices de la tabla `tours`
--
ALTER TABLE `tours`
  ADD PRIMARY KEY (`id`),
  ADD KEY `tours_operator_id_foreign` (`operator_id`);

--
-- AUTO_INCREMENT de las tablas volcadas
--

--
-- AUTO_INCREMENT de la tabla `customers`
--
ALTER TABLE `customers`
  MODIFY `id` int(10) UNSIGNED NOT NULL AUTO_INCREMENT, AUTO_INCREMENT=301;

--
-- AUTO_INCREMENT de la tabla `customer_tour`
--
ALTER TABLE `customer_tour`
  MODIFY `id` int(10) UNSIGNED NOT NULL AUTO_INCREMENT, AUTO_INCREMENT=2478;

--
-- AUTO_INCREMENT de la tabla `migrations`
--
ALTER TABLE `migrations`
  MODIFY `id` int(10) UNSIGNED NOT NULL AUTO_INCREMENT, AUTO_INCREMENT=5;

--
-- AUTO_INCREMENT de la tabla `operators`
--
ALTER TABLE `operators`
  MODIFY `id` int(10) UNSIGNED NOT NULL AUTO_INCREMENT, AUTO_INCREMENT=21;

--
-- AUTO_INCREMENT de la tabla `tours`
--
ALTER TABLE `tours`
  MODIFY `id` int(10) UNSIGNED NOT NULL AUTO_INCREMENT, AUTO_INCREMENT=101;

--
-- Restricciones para tablas volcadas
--

--
-- Filtros para la tabla `customer_tour`
--
ALTER TABLE `customer_tour`
  ADD CONSTRAINT `customer_tour_customer_id_foreign` FOREIGN KEY (`customer_id`) REFERENCES `customers` (`id`),
  ADD CONSTRAINT `customer_tour_tour_id_foreign` FOREIGN KEY (`tour_id`) REFERENCES `tours` (`id`);

--
-- Filtros para la tabla `tours`
--
ALTER TABLE `tours`
  ADD CONSTRAINT `tours_operator_id_foreign` FOREIGN KEY (`operator_id`) REFERENCES `operators` (`id`);
COMMIT;

/*!40101 SET CHARACTER_SET_CLIENT=@OLD_CHARACTER_SET_CLIENT */;
/*!40101 SET CHARACTER_SET_RESULTS=@OLD_CHARACTER_SET_RESULTS */;
/*!40101 SET COLLATION_CONNECTION=@OLD_COLLATION_CONNECTION */;
